TIMESTAMP,ID,NCH1,NCH2,NCH3,NCH4,NCH5,NCH6,NCH7,NCH8,NCH9,NCH10,NCH11,NCH12,NCH13,NCH14,NCH15,NCH16,NCH17,NCH18,NCH19,NCH20
2022-06-21 12:40:48.426116,ADTC,51,224,223,232,415,430,410,92,73,95,86.66666666666667,62.29426666666667,94,0.85,2.52,4.45,2.9,2.55,94,0.0
2022-06-21 12:40:50.430779,ADTC,49,240,224,249,428,406,437,79,84,84,82.33333333333333,61.03337066666667,79,0.93,4.43,4.26,3.64,3.69,79,0.0
2022-06-21 12:40:52.436040,ADTC,49,232,228,248,408,425,431,71,81,79,77.0,54.41251199999999,83,0.92,4.01,2.93,3.36,4.85,83,0.0
2022-06-21 12:40:54.441837,ADTC,50,224,231,225,409,422,422,100,90,77,89.0,63.046532000000006,97,0.93,3.95,4.04,4.33,3.61,97,0.0
2022-06-21 12:40:56.446633,ADTC,51,244,237,223,427,433,410,82,99,98,93.0,68.77945199999999,83,0.85,4.52,3.55,4.96,3.52,83,0.0
2022-06-21 12:40:58.452663,ADTC,51,221,230,227,428,407,420,100,79,88,89.0,65.97534399999999,83,0.93,3.82,2.89,3.75,4.61,83,0.0
2022-06-21 12:41:00.459758,ADTC,51,245,247,222,406,421,429,91,91,71,84.33333333333333,59.30252533333333,70,0.97,3.68,4.36,2.89,3.15,70,0.0
2022-06-21 12:41:02.463921,ADTC,49,225,239,237,428,434,414,99,96,93,96.0,71.164416,86,0.9,4.84,3.06,2.72,2.92,86,0.0
2022-06-21 12:41:04.469701,ADTC,50,249,222,244,409,422,426,88,71,74,77.66666666666667,55.018134666666676,80,0.91,4.85,3.25,5.0,3.16,80,0.0
2022-06-21 12:41:06.475107,ADTC,49,244,230,237,419,407,432,99,76,88,87.66666666666667,63.620401333333334,72,0.93,2.58,4.11,4.98,4.4,72,0.0
2022-06-21 12:41:08.480685,ADTC,50,246,242,236,421,427,409,99,93,84,92.0,67.083824,90,0.93,3.88,2.88,3.14,2.65,90,0.0
2022-06-21 12:41:10.486897,ADTC,50,231,240,238,429,422,408,87,96,93,92.0,68.358576,78,0.88,3.06,3.98,3.07,4.72,78,0.0
2022-06-21 12:41:12.492606,ADTC,51,243,226,233,421,416,421,95,81,89,88.33333333333333,64.41019333333332,78,1.0,3.67,4.39,3.74,4.1,78,0.0
2022-06-21 12:41:14.498461,ADTC,50,222,246,236,405,409,425,88,99,70,85.66666666666667,60.09174000000001,90,0.87,4.91,3.49,5.0,4.67,90,0.0
2022-06-21 12:41:16.503848,ADTC,50,248,223,231,405,405,416,83,84,99,88.66666666666667,62.19612000000001,75,0.97,3.0,4.17,4.13,3.49,75,0.0
2022-06-21 12:41:18.508962,ADTC,50,222,227,221,407,416,432,77,99,85,87.0,61.328388,97,0.94,2.78,2.85,3.06,4.14,97,0.0
2022-06-21 12:41:20.513768,ADTC,50,225,234,227,429,405,439,78,71,82,77.0,57.213156000000005,79,0.96,4.1,4.17,4.01,4.97,79,0.0
2022-06-21 12:41:22.518939,ADTC,49,235,230,242,435,420,416,89,98,84,90.33333333333333,68.05893999999999,74,0.85,3.26,3.77,3.21,3.99,74,0.0
2022-06-21 12:41:24.523735,ADTC,49,223,236,247,428,413,440,88,75,89,84.0,62.268864,78,1.0,4.07,4.16,3.97,4.72,78,0.0
2022-06-21 12:41:26.528700,ADTC,49,246,232,223,425,440,416,95,81,99,91.66666666666667,67.47583333333334,75,0.98,4.51,3.19,3.78,3.37,75,0.0
2022-06-21 12:41:28.534340,ADTC,51,250,221,247,408,440,411,95,95,74,88.0,62.185728,78,1.0,3.51,3.05,3.95,3.94,78,0.0
2022-06-21 12:41:30.538532,ADTC,49,226,244,237,427,427,437,75,90,100,88.33333333333333,65.32815333333333,94,0.94,4.97,3.84,4.04,3.83,94,0.0
2022-06-21 12:41:32.543479,ADTC,50,242,230,225,435,410,426,91,83,74,82.66666666666667,62.28272,72,0.88,2.75,4.09,3.82,3.03,72,0.0
2022-06-21 12:41:34.548640,ADTC,51,243,247,229,436,415,405,86,94,88,89.33333333333333,67.46024533333333,88,0.91,4.67,3.82,2.59,4.63,88,0.0
2022-06-21 12:41:36.553816,ADTC,49,238,239,223,416,434,429,97,98,70,88.33333333333333,63.64522666666665,89,0.94,3.74,3.92,4.35,4.1,89,0.0
2022-06-21 12:41:38.562204,ADTC,49,234,221,234,436,406,409,82,73,81,78.66666666666667,59.40529066666667,90,1.0,4.28,4.56,3.06,3.08,90,0.0
2022-06-21 12:41:40.562470,ADTC,49,226,230,247,422,417,428,76,94,72,80.66666666666667,58.959589333333334,95,0.87,4.81,2.54,4.95,3.23,95,0.0
2022-06-21 12:41:42.568484,ADTC,51,228,243,223,417,410,413,70,92,87,83.0,59.946252,96,0.88,4.69,3.63,4.25,4.3,96,0.0
2022-06-21 12:41:44.574688,ADTC,50,227,235,244,413,419,427,90,77,77,81.33333333333333,58.17903466666667,89,0.99,3.84,3.85,4.51,3.71,89,0.0
2022-06-21 12:41:46.580110,ADTC,51,248,229,240,408,429,422,93,97,94,94.66666666666667,66.896768,82,0.86,4.79,3.04,3.08,3.07,82,0.0
2022-06-21 12:41:48.584882,ADTC,51,226,230,225,407,405,411,81,75,98,84.66666666666667,59.683565333333334,91,0.98,4.94,3.26,3.35,4.96,91,0.0
2022-06-21 12:41:50.590852,ADTC,49,234,246,224,405,423,435,81,81,97,86.33333333333333,60.55938,95,0.95,2.93,4.43,3.97,2.58,95,0.0
2022-06-21 12:41:52.597253,ADTC,49,229,223,225,416,407,434,100,95,95,96.66666666666667,69.64949333333333,76,0.98,4.9,3.05,3.35,4.41,76,0.0
2022-06-21 12:41:54.602331,ADTC,51,237,237,247,436,414,410,100,75,91,88.66666666666667,66.95681066666667,83,0.97,3.0,3.79,4.52,3.98,83,0.0
2022-06-21 12:41:56.608256,ADTC,49,222,249,224,406,424,409,75,97,83,85.0,59.77132,97,0.88,4.32,4.91,4.36,4.97,97,0.0
2022-06-21 12:41:58.613422,ADTC,51,242,240,240,418,408,429,77,82,96,85.0,61.53796,71,0.91,2.89,3.57,4.12,4.5,71,0.0
2022-06-21 12:42:00.618990,ADTC,49,245,247,228,420,413,416,89,79,92,86.66666666666667,63.044799999999995,89,0.97,3.7,4.64,4.25,3.49,89,0.0
2022-06-21 12:42:02.624923,ADTC,51,233,243,237,417,405,411,81,75,70,75.33333333333333,54.409048,81,0.89,3.14,4.34,4.09,2.9,81,0.0
2022-06-21 12:42:04.631096,ADTC,49,245,243,248,439,439,430,78,74,74,75.33333333333333,57.27954933333333,80,0.99,4.68,3.42,2.98,3.71,80,0.0
2022-06-21 12:42:06.636987,ADTC,51,225,248,235,435,413,440,82,77,71,76.66666666666667,57.7622,90,0.94,4.45,4.2,2.75,4.07,90,0.0
2022-06-21 12:42:08.642649,ADTC,49,220,224,247,427,438,425,77,87,89,84.33333333333333,62.36989733333333,81,0.88,3.27,4.16,4.77,4.99,81,0.0
2022-06-21 12:42:10.648680,ADTC,49,232,224,223,424,436,427,76,79,90,81.66666666666667,59.97338666666666,84,0.86,4.35,2.79,4.83,2.99,84,0.0
2022-06-21 12:42:12.653670,ADTC,49,232,242,231,425,418,405,84,95,79,86.0,63.3046,93,0.88,3.13,4.45,2.96,4.8,93,0.0
2022-06-21 12:42:14.659171,ADTC,50,248,224,225,420,424,414,86,88,79,84.33333333333333,61.34743999999999,89,0.93,3.3,3.79,4.39,4.45,89,0.0
2022-06-21 12:42:16.664069,ADTC,51,224,247,235,427,420,406,90,94,84,89.33333333333333,66.06771733333332,97,0.9,4.89,4.84,4.01,3.62,97,0.0
2022-06-21 12:42:18.672279,ADTC,50,236,227,246,428,410,427,100,87,73,86.66666666666667,64.24565333333334,83,0.87,4.61,4.64,3.23,2.85,83,0.0
2022-06-21 12:42:20.676054,ADTC,50,246,223,226,436,434,418,97,91,71,86.33333333333333,65.19478933333333,78,0.88,3.19,4.75,4.81,3.96,78,0.0
2022-06-21 12:42:22.682027,ADTC,50,243,245,221,439,424,440,76,96,78,83.33333333333333,63.362333333333325,90,0.98,4.16,2.68,3.03,3.61,90,0.0
2022-06-21 12:42:24.687624,ADTC,49,233,231,248,439,418,419,94,82,72,82.66666666666667,62.85543466666667,76,0.97,4.9,3.65,3.93,2.57,76,0.0
2022-06-21 12:42:26.693625,ADTC,50,220,244,245,436,407,427,96,84,87,89.0,67.208528,72,0.86,3.46,3.88,4.4,4.22,72,0.0
2022-06-21 12:42:28.699656,ADTC,51,233,223,238,407,424,418,87,99,100,95.33333333333333,67.20275466666666,98,0.98,2.72,4.27,2.96,2.74,98,0.0
2022-06-21 12:42:30.704972,ADTC,51,229,221,223,435,435,411,97,86,78,87.0,65.54754,91,0.95,3.72,4.59,3.28,4.79,91,0.0
2022-06-21 12:42:32.712224,ADTC,49,248,222,226,409,411,427,81,94,77,84.0,59.504592,79,0.9,4.69,4.55,3.26,3.93,79,0.0
2022-06-21 12:42:34.718364,ADTC,49,230,237,231,407,438,430,71,70,77,72.66666666666667,51.22447733333333,71,0.98,4.36,4.03,2.77,4.22,71,0.0
2022-06-21 12:42:36.724567,ADTC,49,223,249,237,440,413,432,92,74,96,87.33333333333333,66.55498666666666,92,0.91,3.88,3.34,4.49,3.12,92,0.0
2022-06-21 12:42:38.730322,ADTC,51,250,233,234,440,438,428,95,90,82,89.0,67.82512000000001,98,0.96,4.45,4.62,2.9,4.72,98,0.0
2022-06-21 12:42:40.735986,ADTC,49,250,241,247,439,426,435,75,77,81,77.66666666666667,59.05369466666667,84,0.91,3.56,2.85,3.32,3.95,84,0.0
2022-06-21 12:42:42.741265,ADTC,50,234,220,236,433,439,427,71,83,92,82.0,61.496392,93,0.98,4.46,4.85,4.98,3.41,93,0.0
2022-06-21 12:42:44.746969,ADTC,49,223,240,227,439,439,433,71,81,95,82.33333333333333,62.601985333333324,76,0.92,4.99,4.4,2.53,4.8,76,0.0
2022-06-21 12:42:46.753157,ADTC,49,232,235,234,433,418,412,75,82,95,84.0,62.996304,84,0.89,4.13,3.23,3.04,3.59,84,0.0
2022-06-21 12:42:48.759560,ADTC,50,220,230,230,436,426,420,77,72,88,79.0,59.657008000000005,89,0.98,3.78,2.76,4.52,3.85,89,0.0
2022-06-21 12:42:50.765302,ADTC,49,243,228,220,425,438,422,78,76,75,76.33333333333333,56.188966666666666,80,0.97,3.25,3.91,3.94,2.7,80,0.0
2022-06-21 12:42:52.771048,ADTC,49,230,232,239,434,411,413,77,95,100,90.66666666666667,68.15304533333334,81,0.98,2.72,4.54,4.19,3.0,81,0.0
2022-06-21 12:42:54.775333,ADTC,50,246,247,225,440,436,436,99,95,82,92.0,70.11136,97,0.93,4.38,5.0,3.61,4.21,97,0.0
2022-06-21 12:42:56.780622,ADTC,49,241,245,223,436,416,427,73,81,88,80.66666666666667,60.91559466666667,71,0.95,2.73,3.73,2.56,3.64,71,0.0
2022-06-21 12:42:58.786639,ADTC,49,231,227,249,426,424,415,86,92,93,90.33333333333333,66.650824,80,0.86,4.36,4.58,4.3,3.89,80,0.0
2022-06-21 12:43:00.792652,ADTC,49,229,247,227,428,406,428,73,74,74,73.66666666666667,54.608805333333336,81,0.89,3.67,3.32,2.75,4.62,81,0.0
2022-06-21 12:43:02.799035,ADTC,49,240,246,238,439,422,424,77,99,98,91.33333333333333,69.44511733333333,83,0.96,2.73,4.74,4.2,2.67,83,0.0
2022-06-21 12:43:04.805171,ADTC,51,243,228,242,429,440,429,98,73,72,81.0,60.185268,84,0.95,2.72,4.87,3.52,2.84,84,0.0
2022-06-21 12:43:06.811026,ADTC,49,234,234,247,406,417,440,79,91,81,83.66666666666667,58.83373066666667,94,0.96,4.96,4.33,3.65,3.5,94,0.0
2022-06-21 12:43:08.817347,ADTC,51,247,232,232,433,434,433,99,96,70,88.33333333333333,66.24611333333333,73,0.96,4.78,2.77,2.68,3.82,73,0.0
2022-06-21 12:43:10.823393,ADTC,50,233,220,241,405,427,405,91,97,81,89.66666666666667,62.89758000000001,73,0.95,2.62,2.97,3.18,4.16,73,0.0
2022-06-21 12:43:12.829576,ADTC,50,235,230,230,438,412,407,79,80,72,77.0,58.413432,73,0.92,3.24,4.13,2.96,4.04,73,0.0
2022-06-21 12:43:14.835361,ADTC,50,247,230,222,407,428,440,90,74,78,80.66666666666667,56.863869333333334,81,0.85,4.6,3.2,4.16,4.95,81,0.0
2022-06-21 12:43:16.841646,ADTC,51,247,237,231,422,438,424,94,99,72,88.33333333333333,64.56318666666667,71,0.97,3.68,3.5,4.24,3.75,71,0.0
2022-06-21 12:43:18.846607,ADTC,49,245,227,238,415,427,415,95,91,70,85.33333333333333,61.335893333333324,100,0.88,3.94,3.44,3.81,3.38,100,0.0
2022-06-21 12:43:20.852679,ADTC,51,223,228,249,409,417,413,84,91,72,82.33333333333333,58.32394533333333,71,0.99,2.79,3.07,4.26,3.24,71,0.0
2022-06-21 12:43:22.858559,ADTC,51,225,235,237,413,420,437,89,94,71,84.66666666666667,60.56342133333334,73,0.98,3.57,3.37,4.52,4.81,73,0.0
2022-06-21 12:43:24.864565,ADTC,50,250,248,237,435,416,418,90,84,98,90.66666666666667,68.31008,98,0.95,4.09,4.08,2.95,4.81,98,0.0
2022-06-21 12:43:26.870805,ADTC,51,250,244,222,426,436,411,79,76,94,83.0,61.240055999999996,79,0.9,3.45,4.65,2.61,3.11,79,0.0
2022-06-21 12:43:28.875757,ADTC,51,229,226,222,405,437,423,85,70,97,84.0,58.92264,99,0.86,4.37,4.01,4.39,3.74,99,0.0
2022-06-21 12:43:30.881762,ADTC,51,244,242,246,424,421,405,94,77,74,81.66666666666667,59.97338666666666,96,0.9,4.39,4.4,3.45,4.54,96,0.0
2022-06-21 12:43:32.886933,ADTC,50,246,247,250,405,433,409,93,72,84,83.0,58.22118,72,0.93,2.62,2.85,4.28,4.94,72,0.0
2022-06-21 12:43:34.891199,ADTC,51,239,225,231,439,417,415,71,76,96,81.0,61.588187999999995,82,0.91,2.8,4.23,3.19,4.58,82,0.0
2022-06-21 12:43:36.896381,ADTC,49,233,250,220,424,428,427,89,70,84,81.0,59.483807999999996,84,1.0,3.71,4.37,3.45,3.06,84,0.0
2022-06-21 12:43:38.901247,ADTC,49,247,243,246,410,412,410,84,98,100,94.0,66.75128,82,0.98,4.36,2.78,3.1,4.67,82,0.0
2022-06-21 12:43:40.907322,ADTC,50,225,250,243,422,405,408,99,94,70,87.66666666666667,64.07591733333334,84,0.85,2.59,4.32,2.68,3.8,84,0.0
2022-06-21 12:43:42.913227,ADTC,49,250,249,220,406,405,427,92,96,71,86.33333333333333,60.70890933333333,78,0.99,4.12,4.84,4.76,4.05,78,0.0
2022-06-21 12:43:44.918774,ADTC,49,233,244,235,437,432,414,72,84,92,82.66666666666667,62.56907733333333,71,0.86,2.88,4.97,3.97,3.75,71,0.0
2022-06-21 12:43:46.924269,ADTC,50,248,223,241,413,434,429,72,89,80,80.33333333333333,57.463718666666665,95,0.98,4.85,3.13,3.02,2.8,95,0.0
2022-06-21 12:43:48.928743,ADTC,49,242,234,245,424,413,425,99,70,80,83.0,60.952543999999996,73,1.0,4.02,3.25,3.47,3.86,73,0.0
2022-06-21 12:43:50.933642,ADTC,50,244,249,236,428,407,429,95,97,78,90.0,66.71664,82,0.98,3.47,3.55,3.81,3.22,82,0.0
2022-06-21 12:43:52.938564,ADTC,51,238,220,231,408,433,436,93,70,72,78.33333333333333,55.35471999999999,91,0.87,2.63,4.15,4.07,4.01,91,0.0
2022-06-21 12:43:54.943880,ADTC,49,225,244,227,422,430,405,78,87,87,84.0,61.395936,71,0.94,3.21,3.8,2.64,4.28,71,0.0
2022-06-21 12:43:56.949038,ADTC,50,222,233,228,437,405,431,78,76,84,79.33333333333333,60.04613066666666,84,0.94,3.97,4.81,3.68,3.98,84,0.0
2022-06-21 12:43:58.954290,ADTC,51,226,248,250,437,431,406,86,82,83,83.66666666666667,63.32596133333334,99,0.96,3.44,4.49,4.64,4.02,99,0.0
2022-06-21 12:44:00.959503,ADTC,49,221,223,234,440,416,432,76,78,80,78.0,59.442240000000005,88,0.85,2.59,4.81,4.96,4.95,88,0.0
2022-06-21 12:44:02.964628,ADTC,49,245,238,241,433,427,423,81,88,70,79.66666666666667,59.74649466666667,81,0.9,2.59,3.79,4.65,2.58,81,0.0
2022-06-21 12:44:04.970299,ADTC,49,238,249,236,422,408,433,79,76,90,81.66666666666667,59.690493333333336,90,0.86,3.93,3.37,3.51,3.51,90,0.0
2022-06-21 12:44:06.976471,ADTC,49,224,246,228,423,415,410,85,95,96,92.0,67.402512,72,0.87,3.34,3.74,4.72,4.2,72,0.0
2022-06-21 12:44:08.981413,ADTC,49,250,228,244,425,406,410,74,92,82,82.66666666666667,60.850933333333344,89,0.96,4.94,4.45,3.9,3.96,89,0.0
2022-06-21 12:44:10.986434,ADTC,49,247,230,229,415,420,418,89,73,78,80.0,57.502399999999994,94,0.91,2.56,4.85,3.71,3.37,94,0.0
2022-06-21 12:44:12.991459,ADTC,50,249,243,246,405,414,439,86,83,75,81.33333333333333,57.052080000000004,80,0.93,4.22,2.68,3.05,3.12,80,0.0
2022-06-21 12:44:14.996454,ADTC,51,250,249,233,406,420,413,71,74,87,77.33333333333333,54.38018133333333,79,0.99,2.71,3.67,4.06,3.77,79,0.0
2022-06-21 12:44:17.002346,ADTC,51,221,236,237,417,439,423,71,93,83,82.33333333333333,59.464756,74,0.87,2.96,3.49,2.52,4.97,74,0.0
2022-06-21 12:44:19.007312,ADTC,51,237,224,227,429,408,415,94,94,95,94.33333333333333,70.092308,92,0.96,4.25,3.25,3.34,2.78,92,0.0
2022-06-21 12:44:21.012292,ADTC,50,233,228,243,431,433,405,88,79,74,80.33333333333333,59.968190666666665,92,0.85,2.69,4.76,4.08,3.59,92,0.0
2022-06-21 12:44:23.017310,ADTC,49,223,245,225,424,435,427,77,95,78,83.33333333333333,61.19733333333332,75,0.99,3.58,2.78,4.58,4.74,75,0.0
2022-06-21 12:44:25.021906,ADTC,51,243,235,230,411,417,438,100,91,96,95.66666666666667,68.100508,100,0.95,4.78,3.22,4.03,2.87,100,0.0
2022-06-21 12:44:27.028379,ADTC,49,237,235,247,416,415,417,91,82,76,83.0,59.80249599999999,74,0.93,2.63,2.59,4.0,2.78,74,0.0
2022-06-21 12:44:29.032729,ADTC,50,249,220,240,423,417,434,92,73,72,79.0,57.878244,84,0.94,4.66,3.79,3.29,4.27,84,0.0
2022-06-21 12:44:31.037295,ADTC,51,249,245,245,426,418,408,94,80,78,84.0,61.977888,74,1.0,3.08,3.15,4.9,3.26,74,0.0
2022-06-21 12:44:33.043194,ADTC,49,224,246,243,425,421,425,79,79,80,79.33333333333333,58.39726666666666,89,0.99,2.77,3.66,4.98,3.07,89,0.0
2022-06-21 12:44:35.047328,ADTC,51,223,225,245,431,428,438,85,95,77,85.66666666666667,63.94948133333334,71,0.88,2.5,4.31,3.43,4.84,71,0.0
2022-06-21 12:44:37.052523,ADTC,50,242,250,250,431,405,434,98,99,81,92.66666666666667,69.17492533333333,77,0.9,4.32,2.64,2.91,4.42,77,0.0
2022-06-21 12:44:39.058112,ADTC,49,237,246,221,431,434,430,80,90,82,84.0,62.705327999999994,76,0.97,2.57,2.57,2.62,4.84,76,0.0
2022-06-21 12:44:41.062181,ADTC,50,230,224,224,409,406,409,80,73,72,75.0,53.12910000000001,75,0.91,4.28,3.56,4.26,4.75,75,0.0
2022-06-21 12:44:43.067397,ADTC,51,231,222,231,409,434,431,91,82,91,88.0,62.338144,78,1.0,3.45,4.22,3.41,3.49,78,0.0
2022-06-21 12:44:45.072420,ADTC,49,245,228,224,433,417,432,91,74,76,80.33333333333333,60.24646533333333,98,0.88,2.67,4.69,3.79,2.7,98,0.0
2022-06-21 12:44:47.077930,ADTC,51,228,220,245,410,426,413,95,94,97,95.33333333333333,67.69810666666666,91,0.87,2.65,3.45,3.91,3.24,91,0.0
2022-06-21 12:44:49.082413,ADTC,49,238,241,241,435,415,424,96,85,77,86.0,64.79411999999999,84,0.97,4.46,2.53,2.7,3.65,84,0.0
2022-06-21 12:44:51.092129,ADTC,51,230,221,232,408,427,406,86,80,70,78.66666666666667,55.590272,72,0.89,4.97,4.73,2.58,3.64,72,0.0
2022-06-21 12:44:53.091777,ADTC,50,227,231,240,430,431,438,72,86,83,80.33333333333333,59.82905333333333,96,0.95,3.38,3.76,4.07,3.02,96,0.0
2022-06-21 12:44:55.096602,ADTC,51,235,220,239,410,427,431,87,85,82,84.66666666666667,60.123493333333336,71,0.9,4.68,3.59,4.35,4.63,71,0.0
2022-06-21 12:44:57.101275,ADTC,49,220,223,233,438,416,427,76,81,70,75.66666666666667,57.401944,83,0.94,2.63,4.16,4.41,3.39,83,0.0
2022-06-21 12:44:59.105011,ADTC,49,245,240,236,425,418,429,79,84,91,84.66666666666667,62.32313333333334,100,0.91,4.63,3.53,3.21,4.91,100,0.0
2022-06-21 12:45:01.110171,ADTC,50,240,229,220,421,429,425,80,83,78,80.33333333333333,58.57681733333333,96,0.99,4.03,4.39,3.91,4.47,96,0.0
2022-06-21 12:45:03.115036,ADTC,51,238,240,245,438,432,413,86,80,70,78.66666666666667,59.677792000000004,98,0.9,3.75,3.92,3.38,2.99,98,0.0
2022-06-21 12:45:05.119808,ADTC,49,228,242,222,408,415,437,96,96,82,91.33333333333333,64.541248,96,0.91,3.42,4.99,4.35,3.04,96,0.0
2022-06-21 12:45:07.126313,ADTC,50,236,230,250,432,420,439,78,77,98,84.33333333333333,63.100224000000004,94,0.98,2.71,4.5,2.8,3.93,94,0.0
2022-06-21 12:45:09.132401,ADTC,51,224,220,231,429,412,424,87,99,75,87.0,64.64343600000001,77,0.88,4.83,4.62,3.28,4.54,77,0.0
2022-06-21 12:45:11.138356,ADTC,49,248,232,225,405,418,439,83,86,78,82.33333333333333,57.75354,90,0.9,2.63,3.97,4.68,4.24,90,0.0
2022-06-21 12:45:13.144404,ADTC,51,237,250,243,431,437,418,78,76,88,80.66666666666667,60.21702133333333,87,0.89,3.79,4.62,4.22,4.64,87,0.0
2022-06-21 12:45:15.148919,ADTC,51,224,242,221,418,440,428,70,92,93,85.0,61.53796,70,0.96,3.29,3.49,4.48,3.48,70,0.0
2022-06-21 12:45:17.155536,ADTC,49,230,220,221,427,409,417,76,87,75,79.33333333333333,58.67207733333333,73,0.86,2.65,3.69,4.61,3.78,73,0.0
2022-06-21 12:45:19.161717,ADTC,51,233,223,245,437,407,427,92,80,100,90.66666666666667,68.62414933333334,74,0.93,3.0,4.51,2.69,4.63,74,0.0
2022-06-21 12:45:21.166750,ADTC,51,226,234,246,415,430,424,81,70,84,78.33333333333333,56.30443333333333,79,0.91,2.57,3.9,4.53,3.17,79,0.0
2022-06-21 12:45:23.172661,ADTC,51,234,230,249,418,426,424,72,93,100,88.33333333333333,63.951213333333335,74,0.95,3.77,4.47,3.15,3.85,74,0.0
2022-06-21 12:45:25.178727,ADTC,51,250,236,231,436,424,432,74,82,87,81.0,61.167312,97,0.98,4.88,3.79,3.59,4.39,97,0.0
2022-06-21 12:45:27.183368,ADTC,51,239,224,227,430,424,427,100,78,70,82.66666666666667,61.56682666666667,80,0.88,4.79,2.8,3.19,3.51,80,0.0
2022-06-21 12:45:29.189311,ADTC,49,227,223,234,424,424,432,72,73,92,79.0,58.01507199999999,71,0.85,4.67,4.74,4.01,2.77,71,0.0
2022-06-21 12:45:31.195673,ADTC,51,241,237,225,415,435,432,88,86,93,89.0,63.971419999999995,94,0.98,4.78,3.58,4.25,2.52,94,0.0
2022-06-21 12:45:33.200624,ADTC,49,240,231,238,436,426,440,71,91,96,86.0,64.943072,87,0.85,2.57,4.47,4.37,4.52,87,0.0
2022-06-21 12:45:35.206348,ADTC,51,230,250,249,424,427,405,79,72,73,74.66666666666667,54.83281066666667,72,0.9,3.26,2.98,4.04,2.82,72,0.0
2022-06-21 12:45:37.212449,ADTC,51,229,233,238,429,424,421,86,85,91,87.33333333333333,64.891112,83,0.98,4.92,3.44,4.94,2.78,83,0.0
2022-06-21 12:45:39.218946,ADTC,51,223,239,235,405,413,431,98,99,80,92.33333333333333,64.76814,82,0.99,3.36,4.41,2.84,2.59,82,0.0
2022-06-21 12:45:41.224320,ADTC,51,232,240,241,425,418,429,81,98,89,89.33333333333333,65.75826666666666,84,0.89,3.19,3.79,3.24,3.73,84,0.0
2022-06-21 12:45:43.229440,ADTC,50,246,249,247,405,435,434,94,91,71,85.33333333333333,59.85792,89,0.96,3.41,3.98,4.68,3.26,89,0.0
2022-06-21 12:45:45.236022,ADTC,49,235,227,228,408,427,416,72,76,78,75.33333333333333,53.23475199999999,89,0.98,3.9,2.84,4.19,4.55,89,0.0
2022-06-21 12:45:47.242059,ADTC,50,244,237,244,436,425,405,85,71,78,78.0,58.901856,77,0.98,3.15,3.62,3.47,3.77,77,0.0
2022-06-21 12:45:49.247591,ADTC,50,231,226,220,407,437,429,74,95,85,84.66666666666667,59.683565333333334,72,0.89,3.79,2.8,2.89,4.21,72,0.0
2022-06-21 12:45:51.253692,ADTC,50,235,231,220,428,434,419,73,85,80,79.33333333333333,58.80948266666667,88,0.96,4.12,4.68,4.29,4.34,88,0.0
2022-06-21 12:45:53.258789,ADTC,50,235,250,240,436,424,413,89,95,83,89.0,67.208528,99,1.0,3.69,3.93,4.95,4.71,99,0.0
2022-06-21 12:45:55.263835,ADTC,51,242,223,222,426,420,431,83,99,87,89.66666666666667,66.158936,73,0.89,3.94,4.7,3.84,4.02,73,0.0
2022-06-21 12:45:57.269372,ADTC,49,250,224,230,427,427,432,71,77,92,80.0,59.165119999999995,98,0.88,2.89,3.73,3.92,2.56,98,0.0
2022-06-21 12:45:59.273885,ADTC,51,238,221,234,426,439,430,72,83,84,79.66666666666667,58.780616,80,0.91,2.74,2.79,4.85,2.93,80,0.0
2022-06-21 12:46:01.278715,ADTC,51,224,246,249,410,418,423,99,80,77,85.33333333333333,60.59690666666666,91,0.95,4.52,3.03,4.23,4.85,91,0.0
2022-06-21 12:46:03.283544,ADTC,51,239,226,231,421,421,433,74,83,74,77.0,56.146243999999996,98,0.93,4.48,3.6,2.84,4.33,98,0.0
2022-06-21 12:46:05.288772,ADTC,50,238,233,233,415,409,439,80,86,98,88.0,63.25264,95,0.97,3.77,4.35,3.83,2.67,95,0.0
2022-06-21 12:46:07.294458,ADTC,51,230,225,223,438,412,432,100,84,77,87.0,65.999592,79,0.91,4.56,2.91,3.07,3.24,79,0.0
2022-06-21 12:46:09.299505,ADTC,51,250,247,236,409,421,439,70,98,90,86.0,60.921368,86,0.98,4.53,2.87,3.18,4.54,86,0.0
2022-06-21 12:46:11.304201,ADTC,51,227,230,232,414,415,422,88,76,71,78.33333333333333,56.16875999999999,73,0.99,2.95,4.9,3.3,3.91,73,0.0
2022-06-21 12:46:13.308628,ADTC,51,226,224,245,435,433,412,89,78,80,82.33333333333333,62.03157999999999,74,0.99,3.27,3.56,3.14,3.21,74,0.0
2022-06-21 12:46:15.314236,ADTC,50,241,233,229,407,416,407,81,81,87,83.0,58.508691999999996,85,0.94,3.95,4.81,4.09,4.66,85,0.0
2022-06-21 12:46:17.319465,ADTC,51,231,239,235,428,431,412,72,85,83,80.0,59.30368000000001,77,0.97,3.58,4.05,3.6,2.83,77,0.0
2022-06-21 12:46:19.323693,ADTC,49,224,239,239,408,434,410,71,97,91,86.33333333333333,61.00796799999999,83,0.98,3.77,4.43,3.51,3.01,83,0.0
2022-06-21 12:46:21.327988,ADTC,49,250,225,226,418,410,439,99,97,77,91.0,65.881816,92,0.9,4.8,4.57,2.81,4.41,92,0.0
2022-06-21 12:46:23.333140,ADTC,51,223,246,232,407,406,425,100,90,84,91.33333333333333,64.38305866666667,86,0.87,2.74,3.62,3.26,2.53,86,0.0
2022-06-21 12:46:25.338456,ADTC,50,229,248,231,411,415,436,89,95,88,90.66666666666667,64.541248,73,0.95,3.8,3.88,4.15,3.07,73,0.0
2022-06-21 12:46:27.343479,ADTC,50,246,242,227,435,409,433,86,84,77,82.33333333333333,62.03157999999999,76,0.88,4.96,3.95,2.61,2.56,76,0.0
2022-06-21 12:46:29.348221,ADTC,50,226,235,235,414,432,410,79,75,79,77.66666666666667,55.690728,91,0.99,2.5,3.46,4.7,2.77,91,0.0
2022-06-21 12:46:31.353584,ADTC,49,234,226,228,408,405,431,78,85,74,79.0,55.82582399999999,73,0.88,3.08,4.1,3.66,4.62,73,0.0
2022-06-21 12:46:33.358347,ADTC,51,238,226,249,414,437,408,79,97,81,85.66666666666667,61.427112,98,1.0,3.32,3.48,2.53,2.84,98,0.0
2022-06-21 12:46:35.363377,ADTC,49,236,236,227,417,427,409,94,97,87,92.66666666666667,66.927944,71,0.85,2.75,4.62,2.73,4.44,71,0.0
2022-06-21 12:46:37.368310,ADTC,51,225,225,231,411,427,415,78,82,97,85.66666666666667,60.98198800000001,98,0.92,3.38,3.44,3.35,4.29,98,0.0
2022-06-21 12:46:39.372877,ADTC,50,248,242,227,433,420,418,81,97,87,88.33333333333333,66.24611333333333,70,0.92,3.94,4.71,3.53,4.47,70,0.0
2022-06-21 12:46:41.378049,ADTC,49,228,239,247,423,409,426,99,91,89,93.0,68.135148,75,1.0,4.79,3.96,2.93,4.28,75,0.0
2022-06-21 12:46:43.382982,ADTC,51,220,250,232,427,429,434,75,79,72,75.33333333333333,55.71382133333333,97,0.88,3.57,3.92,3.94,4.32,97,0.0
2022-06-21 12:46:45.388356,ADTC,50,250,233,249,419,437,430,87,76,92,85.0,61.68518,83,0.85,2.77,4.96,3.71,3.94,83,0.0
2022-06-21 12:46:47.393058,ADTC,50,220,222,244,421,408,415,89,93,74,85.33333333333333,62.22267733333333,87,0.85,4.85,4.73,4.91,3.56,87,0.0
2022-06-21 12:46:49.398103,ADTC,50,232,233,228,405,405,437,70,93,81,81.33333333333333,57.052080000000004,89,0.97,3.46,4.01,2.93,3.52,89,0.0
2022-06-21 12:46:51.404033,ADTC,51,249,234,241,405,410,429,93,96,98,95.66666666666667,67.10634000000002,79,0.86,4.38,3.28,4.98,2.68,79,0.0
2022-06-21 12:46:53.410042,ADTC,49,239,247,241,434,413,415,82,88,86,85.33333333333333,64.14404266666666,94,0.99,4.78,3.49,3.24,2.93,94,0.0
2022-06-21 12:46:55.416183,ADTC,49,241,248,248,416,408,420,74,75,93,80.66666666666667,58.12130133333333,84,0.92,3.54,4.08,2.88,3.77,84,0.0
2022-06-21 12:46:57.421731,ADTC,50,221,239,243,428,427,424,73,76,72,73.66666666666667,54.608805333333336,76,0.98,3.97,2.72,3.92,2.74,76,0.0
2022-06-21 12:46:59.428348,ADTC,51,227,231,241,437,437,408,93,87,100,93.33333333333333,70.64250666666666,87,0.92,4.79,3.18,3.14,3.19,87,0.0
2022-06-21 12:47:01.433827,ADTC,51,240,230,222,422,415,433,82,100,70,84.0,61.395936,100,0.86,4.85,4.59,2.62,3.23,100,0.0
2022-06-21 12:47:03.439750,ADTC,50,227,248,250,438,436,416,75,78,81,78.0,59.172048,89,0.86,4.32,3.97,4.87,2.96,89,0.0
2022-06-21 12:47:05.446016,ADTC,50,231,244,236,422,438,413,75,91,84,83.33333333333333,60.90866666666666,80,0.92,3.48,3.5,3.03,4.79,80,0.0
2022-06-21 12:47:07.451807,ADTC,49,239,240,222,412,420,426,83,75,84,80.66666666666667,57.56244266666666,96,0.91,3.4,3.28,3.29,4.75,96,0.0
2022-06-21 12:47:09.456957,ADTC,50,245,238,233,431,422,407,87,74,71,77.33333333333333,57.72871466666666,93,0.88,2.58,3.98,4.01,2.62,93,0.0
2022-06-21 12:47:11.462397,ADTC,50,239,244,229,417,409,421,90,81,78,83.0,59.946252,72,1.0,4.64,3.31,4.57,4.64,72,0.0
2022-06-21 12:47:13.469115,ADTC,50,223,225,247,435,432,430,80,95,94,89.66666666666667,67.55666000000001,98,0.94,3.11,4.95,2.53,2.88,98,0.0
2022-06-21 12:47:15.473369,ADTC,50,222,250,234,419,414,440,85,74,74,77.66666666666667,56.36332133333333,99,1.0,3.27,3.4,3.8,2.72,99,0.0
2022-06-21 12:47:17.479992,ADTC,51,241,240,249,426,421,419,87,100,91,92.66666666666667,68.372432,76,0.96,4.26,3.49,3.72,3.44,76,0.0
2022-06-21 12:47:19.486158,ADTC,51,220,227,249,421,416,427,95,71,77,81.0,59.062932,89,1.0,4.81,3.36,3.49,2.74,89,0.0
2022-06-21 12:47:21.491697,ADTC,51,246,223,220,425,424,415,71,78,70,73.0,53.7353,78,0.99,3.99,4.76,3.97,4.31,78,0.0
2022-06-21 12:47:23.497180,ADTC,50,233,239,231,422,430,433,71,99,85,85.0,62.126839999999994,100,0.89,3.97,4.17,4.78,4.53,100,0.0
2022-06-21 12:47:25.503364,ADTC,49,245,224,250,407,439,436,98,97,96,97.0,68.377628,89,0.97,4.03,3.84,4.89,4.45,89,0.0
2022-06-21 12:47:27.508845,ADTC,49,241,220,222,425,416,426,77,82,78,79.0,58.151900000000005,74,0.88,3.71,3.82,4.4,4.11,74,0.0
2022-06-21 12:47:29.514610,ADTC,51,242,229,221,436,423,417,81,81,81,81.0,61.167312,92,0.99,3.2,4.65,3.28,2.64,92,0.0
2022-06-21 12:47:31.519539,ADTC,50,247,250,232,406,421,413,87,90,76,84.33333333333333,59.30252533333333,88,0.98,3.11,4.46,4.13,4.43,88,0.0
2022-06-21 12:47:33.524659,ADTC,51,248,247,231,405,406,430,71,90,93,84.66666666666667,59.390280000000004,74,0.99,2.59,4.85,4.24,3.12,74,0.0
2022-06-21 12:47:35.529908,ADTC,50,239,233,247,439,417,424,81,88,90,86.33333333333333,65.64337733333332,92,0.96,3.35,4.65,4.92,4.99,92,0.0
2022-06-21 12:47:37.535176,ADTC,49,223,244,239,408,415,440,86,89,82,85.66666666666667,60.536864,88,0.9,4.49,4.52,3.82,2.52,88,0.0
2022-06-21 12:47:39.539480,ADTC,49,250,238,241,422,405,429,71,92,74,79.0,57.741416,86,0.9,2.72,4.64,4.18,4.88,86,0.0
2022-06-21 12:47:41.544764,ADTC,49,233,239,225,406,430,438,73,79,77,76.33333333333333,53.67698933333333,72,0.96,3.67,3.33,3.98,3.04,72,0.0
2022-06-21 12:47:43.549714,ADTC,50,243,242,236,418,419,430,82,74,83,79.66666666666667,57.67675466666667,96,0.85,3.45,3.69,2.58,4.87,96,0.0
2022-06-21 12:47:45.554921,ADTC,50,247,230,221,419,430,426,98,95,80,91.0,66.039428,100,0.92,4.51,3.26,4.67,3.12,100,0.0
2022-06-21 12:47:47.560054,ADTC,49,250,229,244,436,419,416,87,79,84,83.33333333333333,62.92933333333333,72,0.91,4.49,2.9,3.97,3.05,72,0.0
2022-06-21 12:47:49.564321,ADTC,50,246,224,231,428,415,415,71,71,76,72.66666666666667,53.867509333333345,78,1.0,3.82,3.58,4.93,3.16,78,0.0
2022-06-21 12:47:51.567974,ADTC,49,237,241,222,414,411,437,95,91,82,89.33333333333333,64.056288,79,0.96,3.15,3.88,4.17,4.32,79,0.0
2022-06-21 12:47:53.573017,ADTC,50,224,232,233,408,412,405,70,78,98,82.0,57.945792,98,0.87,3.48,2.87,4.18,3.64,98,0.0
2022-06-21 12:47:55.578534,ADTC,49,245,242,246,433,436,424,79,88,92,86.33333333333333,64.74620133333333,89,0.89,3.47,3.43,3.76,4.65,89,0.0
2022-06-21 12:47:57.583171,ADTC,51,234,243,222,412,405,427,98,85,80,87.66666666666667,62.557530666666665,91,0.87,3.96,2.87,3.33,2.74,91,0.0
2022-06-21 12:47:59.589368,ADTC,49,222,225,223,423,425,433,96,70,89,85.0,62.27406,99,1.0,3.42,2.52,4.35,3.68,99,0.0
2022-06-21 12:48:01.592688,ADTC,51,245,229,223,413,426,440,88,71,87,82.0,58.655912,96,0.96,2.78,3.83,4.31,2.53,96,0.0
2022-06-21 12:48:03.597796,ADTC,49,222,245,248,426,418,426,79,81,77,79.0,58.288728000000006,97,0.96,3.61,3.29,3.16,4.24,97,0.0
2022-06-21 12:48:05.602978,ADTC,49,225,222,240,415,431,409,89,76,84,83.0,59.658739999999995,93,0.89,4.33,4.5,3.86,3.04,93,0.0
2022-06-21 12:48:07.607798,ADTC,51,250,227,244,427,440,408,94,75,99,89.33333333333333,66.06771733333332,85,0.9,4.81,4.06,4.61,2.65,85,0.0
2022-06-21 12:48:09.613218,ADTC,51,225,246,226,423,424,421,86,90,70,82.0,60.07615199999999,81,1.0,4.05,4.54,4.45,3.84,81,0.0
2022-06-21 12:48:11.617277,ADTC,51,220,229,249,423,430,416,99,78,77,84.66666666666667,62.029848,73,1.0,4.15,4.29,3.19,2.58,73,0.0
2022-06-21 12:48:13.622433,ADTC,49,237,243,221,410,436,413,79,78,100,85.66666666666667,60.83361333333333,74,0.97,4.19,4.39,3.72,3.91,74,0.0
2022-06-21 12:48:15.627976,ADTC,51,221,235,230,432,408,424,79,74,71,74.66666666666667,55.86739200000001,80,0.96,3.72,4.56,4.14,3.98,80,0.0
2022-06-21 12:48:17.634092,ADTC,50,226,242,245,407,414,429,70,99,86,85.0,59.91854,79,0.99,4.51,3.85,2.65,4.99,79,0.0
2022-06-21 12:48:19.640219,ADTC,49,246,230,246,418,406,420,84,77,79,80.0,57.91808,93,0.96,2.61,2.92,4.43,2.53,93,0.0
2022-06-21 12:48:21.646233,ADTC,49,223,235,244,420,430,410,99,82,70,83.66666666666667,60.86248,74,0.98,3.61,3.54,4.51,4.21,74,0.0
2022-06-21 12:48:23.652287,ADTC,49,248,238,226,413,407,427,74,72,80,75.33333333333333,53.887138666666665,78,0.93,4.78,3.46,2.79,3.69,78,0.0
2022-06-21 12:48:25.658628,ADTC,51,245,223,224,418,427,410,78,76,94,82.66666666666667,59.84868266666667,86,0.9,3.25,4.64,4.89,3.44,86,0.0
2022-06-21 12:48:27.663222,ADTC,51,226,234,243,419,416,440,79,86,99,88.0,63.862303999999995,84,0.97,3.15,3.31,3.4,4.08,84,0.0
2022-06-21 12:48:29.668173,ADTC,51,225,250,246,422,417,411,90,85,78,84.33333333333333,61.639570666666664,72,0.99,4.56,4.82,4.15,3.39,72,0.0
2022-06-21 12:48:31.672019,ADTC,49,223,238,250,415,415,427,87,77,99,87.66666666666667,63.01304666666667,88,0.88,3.95,3.67,3.02,2.89,88,0.0
2022-06-21 12:48:33.677026,ADTC,49,223,221,246,415,420,420,72,94,70,78.66666666666667,56.54402666666667,71,0.96,3.32,4.88,4.29,4.73,71,0.0
2022-06-21 12:48:35.681670,ADTC,50,245,247,243,414,409,418,83,75,87,81.66666666666667,58.55892000000001,70,0.85,3.12,4.2,2.75,3.48,70,0.0
2022-06-21 12:48:37.685891,ADTC,51,250,222,221,432,436,427,98,76,86,86.66666666666667,64.84608000000001,76,1.0,4.56,4.64,2.92,4.99,76,0.0
2022-06-21 12:48:39.691439,ADTC,50,236,221,240,414,406,413,76,90,71,79.0,56.646792,97,0.97,3.03,4.91,3.75,3.31,97,0.0
2022-06-21 12:48:41.696342,ADTC,49,240,243,227,406,428,415,95,82,81,86.0,60.474512000000004,89,1.0,4.85,3.31,3.48,3.65,89,0.0
2022-06-21 12:48:43.701511,ADTC,49,238,241,228,422,418,421,92,88,84,88.0,64.319552,95,0.92,4.79,3.31,3.94,4.72,95,0.0
2022-06-21 12:48:45.706419,ADTC,51,237,232,236,408,424,411,71,99,80,83.33333333333333,58.88799999999999,79,0.86,4.4,3.66,3.65,3.07,79,0.0
2022-06-21 12:48:47.711706,ADTC,50,234,246,242,427,413,420,91,89,77,85.66666666666667,63.35598266666667,92,0.87,4.94,3.38,2.7,2.66,92,0.0
2022-06-21 12:48:49.717018,ADTC,51,223,227,227,429,419,414,87,75,93,85.0,63.15738,86,0.94,3.2,4.96,4.72,4.01,86,0.0
2022-06-21 12:48:51.721880,ADTC,50,233,249,242,411,433,435,93,78,85,85.33333333333333,60.744704,85,0.94,4.34,2.57,4.21,4.55,85,0.0
2022-06-21 12:48:53.727572,ADTC,51,228,226,225,411,413,439,78,88,70,78.66666666666667,55.999024000000006,77,0.88,2.82,3.44,4.49,4.2,77,0.0
2022-06-21 12:48:55.732590,ADTC,51,246,226,229,419,410,419,71,85,82,79.33333333333333,57.572834666666665,80,0.99,3.98,3.77,3.94,4.1,80,0.0
2022-06-21 12:48:57.736958,ADTC,51,249,249,244,428,408,405,85,81,82,82.66666666666667,61.28046933333334,86,0.97,3.26,3.21,4.41,3.08,86,0.0
2022-06-21 12:48:59.742874,ADTC,51,224,225,242,424,435,435,82,80,78,80.0,58.74943999999999,90,0.95,3.95,4.15,3.6,2.95,90,0.0
2022-06-21 12:49:01.749255,ADTC,51,243,220,227,428,420,437,95,96,91,94.0,69.681824,71,0.88,4.39,3.65,4.31,2.75,71,0.0
2022-06-21 12:49:03.755580,ADTC,49,221,244,248,428,439,440,89,98,96,94.33333333333333,69.92892266666667,85,0.92,2.84,4.62,4.33,2.77,85,0.0
2022-06-21 12:49:05.760580,ADTC,51,222,250,249,439,421,426,79,80,70,76.33333333333333,58.03989733333333,73,0.95,4.06,4.92,4.77,4.54,73,0.0
2022-06-21 12:49:07.765078,ADTC,51,245,228,223,436,428,429,84,74,83,80.33333333333333,60.66387733333333,83,0.88,3.97,4.36,3.87,4.62,83,0.0
2022-06-21 12:49:09.771271,ADTC,51,249,221,221,408,421,409,78,92,89,86.33333333333333,61.00796799999999,81,0.98,2.95,4.05,3.01,3.53,81,0.0
2022-06-21 12:49:11.777477,ADTC,50,224,224,250,425,423,436,98,83,91,90.66666666666667,66.73973333333333,99,1.0,4.35,4.3,4.6,2.99,99,0.0
2022-06-21 12:49:13.783246,ADTC,49,243,225,238,407,426,426,95,92,95,94.0,66.262856,83,0.98,2.91,4.46,2.84,4.81,83,0.0
2022-06-21 12:49:15.789048,ADTC,50,230,229,238,417,412,424,79,99,94,90.66666666666667,65.483456,98,0.96,4.71,4.01,3.2,4.14,98,0.0
2022-06-21 12:49:17.793737,ADTC,49,246,225,234,424,410,436,70,100,85,85.0,62.42127999999999,87,0.86,3.55,4.65,2.79,3.01,87,0.0
2022-06-21 12:49:19.798428,ADTC,51,233,221,238,427,423,409,98,85,84,89.0,65.821196,79,0.96,5.0,3.67,3.01,4.21,79,0.0
2022-06-21 12:49:21.803156,ADTC,50,250,239,220,428,410,410,89,74,99,87.33333333333333,64.73985066666667,83,0.91,4.6,3.46,3.51,3.5,83,0.0
2022-06-21 12:49:23.808544,ADTC,51,249,231,223,416,423,410,80,77,89,82.0,59.081984,97,0.93,3.82,3.47,4.41,3.19,97,0.0
2022-06-21 12:49:25.813038,ADTC,49,234,234,241,423,438,432,91,98,74,87.66666666666667,64.227756,96,0.92,4.81,2.88,2.95,2.86,96,0.0
2022-06-21 12:49:27.818317,ADTC,51,248,239,232,422,413,405,88,84,84,85.33333333333333,62.37047466666666,95,0.98,4.2,3.5,3.79,2.9,95,0.0
2022-06-21 12:49:29.823357,ADTC,50,240,232,240,428,431,407,95,89,83,89.0,65.97534399999999,98,0.9,4.93,4.92,3.49,3.7,98,0.0
2022-06-21 12:49:31.827730,ADTC,49,236,242,225,407,406,427,82,78,76,78.66666666666667,55.45402133333334,75,0.89,3.78,3.51,2.5,2.91,75,0.0
2022-06-21 12:49:33.832506,ADTC,51,244,223,234,439,433,437,90,88,94,90.66666666666667,68.93821866666667,96,0.94,3.16,2.74,4.92,2.77,96,0.0
2022-06-21 12:49:35.837428,ADTC,50,242,249,248,410,429,414,83,83,81,82.33333333333333,58.46654666666666,99,0.91,4.79,2.59,3.94,4.74,99,0.0
2022-06-21 12:49:37.842236,ADTC,49,243,226,241,410,438,438,93,73,76,80.66666666666667,57.28301333333334,70,0.87,3.63,3.42,3.52,4.96,70,0.0
2022-06-21 12:49:39.847124,ADTC,50,221,235,238,411,416,410,70,76,81,75.66666666666667,53.863468,81,0.95,3.82,2.51,2.7,3.22,81,0.0
2022-06-21 12:49:41.852230,ADTC,49,227,232,238,417,439,425,99,92,83,91.33333333333333,65.96495200000001,74,0.98,4.82,4.94,3.04,4.9,74,0.0
2022-06-21 12:49:43.857049,ADTC,51,231,242,231,428,429,426,76,99,99,91.33333333333333,67.70503466666668,81,0.95,4.92,3.2,4.65,4.24,81,0.0
2022-06-21 12:49:45.862380,ADTC,51,239,223,235,411,405,412,75,73,95,81.0,57.660011999999995,100,0.85,4.46,3.58,3.91,3.51,100,0.0
2022-06-21 12:49:47.865569,ADTC,49,238,250,232,412,413,431,81,74,97,84.0,59.941055999999996,99,0.93,4.03,2.62,2.88,4.18,99,0.0
2022-06-21 12:49:49.869618,ADTC,50,232,240,233,421,429,407,100,94,94,96.0,70.000512,100,0.99,4.03,2.6,3.56,3.76,100,0.0
2022-06-21 12:49:51.874658,ADTC,51,227,225,229,419,437,439,78,86,86,83.33333333333333,60.47566666666666,94,0.87,2.51,3.1,2.97,3.29,94,0.0
2022-06-21 12:49:53.880171,ADTC,51,248,236,238,421,417,414,74,82,71,75.66666666666667,55.17401466666667,83,0.88,3.76,4.16,4.37,4.11,83,0.0
2022-06-21 12:49:55.885052,ADTC,49,237,221,235,426,426,427,80,88,90,86.0,63.453551999999995,77,0.86,4.27,3.97,4.76,2.81,77,0.0
2022-06-21 12:49:57.890028,ADTC,49,232,247,220,416,405,432,98,92,71,87.0,62.684543999999995,76,0.87,3.24,2.8,3.68,2.55,76,0.0
2022-06-21 12:49:59.895661,ADTC,50,248,229,248,412,420,430,75,96,81,84.0,59.941055999999996,73,1.0,4.15,3.4,4.6,4.77,73,0.0
2022-06-21 12:50:01.900416,ADTC,50,244,232,242,435,425,438,71,71,75,72.33333333333333,54.49737999999999,94,0.96,4.46,4.16,2.62,4.23,94,0.0
2022-06-21 12:50:03.905439,ADTC,51,242,226,249,419,436,410,78,94,91,87.66666666666667,63.620401333333334,74,0.86,3.81,4.31,4.51,4.32,74,0.0
2022-06-21 12:50:05.910791,ADTC,51,240,245,231,408,427,420,88,81,78,82.33333333333333,58.18134399999999,78,0.91,4.19,2.9,3.22,2.67,78,0.0
2022-06-21 12:50:07.915397,ADTC,50,234,233,245,431,427,413,88,76,76,80.0,59.71936,95,0.95,4.07,4.41,2.95,4.68,95,0.0
2022-06-21 12:50:09.920131,ADTC,51,234,246,238,437,437,412,72,70,81,74.33333333333333,56.261710666666666,99,0.96,4.59,2.87,4.99,4.08,99,0.0
2022-06-21 12:50:11.924268,ADTC,50,227,231,248,421,408,429,76,88,80,81.33333333333333,59.30598933333333,80,0.89,2.78,3.29,3.35,2.83,80,0.0
2022-06-21 12:50:13.929698,ADTC,50,224,227,224,407,416,411,95,86,83,88.0,62.033311999999995,92,0.89,4.07,3.62,3.41,3.56,92,0.0
2022-06-21 12:50:15.935613,ADTC,49,249,230,247,415,405,428,98,72,100,90.0,64.69019999999999,74,0.88,3.73,4.89,4.51,2.76,74,0.0
2022-06-21 12:50:17.942147,ADTC,49,242,224,233,407,420,427,94,100,99,97.66666666666667,68.84757733333333,74,0.94,2.76,4.24,2.97,3.5,74,0.0
2022-06-21 12:50:19.947987,ADTC,49,226,220,229,425,417,434,70,83,91,81.33333333333333,59.86946666666667,94,0.93,3.81,4.33,4.25,3.77,94,0.0
2022-06-21 12:50:21.953950,ADTC,49,224,244,226,427,408,408,99,79,91,89.66666666666667,66.31423866666667,82,0.94,3.65,2.89,3.96,3.27,82,0.0
2022-06-21 12:50:23.959315,ADTC,49,249,245,242,439,439,423,98,83,99,93.33333333333333,70.96581333333333,84,0.93,3.68,4.43,3.74,4.3,84,0.0
2022-06-21 12:50:25.964607,ADTC,49,232,247,232,415,405,440,75,79,77,77.0,55.346059999999994,79,0.91,2.68,4.52,2.52,4.76,79,0.0
2022-06-21 12:50:27.970522,ADTC,49,230,223,243,431,437,428,72,76,92,80.0,59.71936,74,1.0,4.99,3.43,4.02,4.9,74,0.0
2022-06-21 12:50:29.976071,ADTC,51,226,235,226,410,422,412,94,70,97,87.0,61.780440000000006,84,0.89,3.77,4.63,2.73,4.36,84,0.0
2022-06-21 12:50:31.981524,ADTC,50,223,228,228,438,413,410,99,83,91,91.0,69.03405599999999,75,0.93,3.48,4.09,3.1,4.98,75,0.0
2022-06-21 12:50:33.987379,ADTC,50,225,227,241,406,405,422,98,83,93,91.33333333333333,64.22486933333333,81,1.0,3.59,4.84,4.92,3.71,81,0.0
2022-06-21 12:50:35.992774,ADTC,50,250,233,233,424,417,439,87,100,90,92.33333333333333,67.80664533333332,99,0.98,3.18,4.08,2.63,3.78,99,0.0
2022-06-21 12:50:37.999315,ADTC,49,231,225,237,436,440,425,92,71,80,81.0,61.167312,88,1.0,4.63,3.8,2.89,3.97,88,0.0
2022-06-21 12:50:40.005425,ADTC,50,248,242,227,412,435,415,85,84,83,84.0,59.941055999999996,82,0.99,4.16,3.67,2.66,3.57,82,0.0
2022-06-21 12:50:42.010526,ADTC,51,243,237,220,415,433,417,86,90,91,89.0,63.971419999999995,81,0.85,4.28,3.65,3.6,3.48,81,0.0
2022-06-21 12:50:44.015898,ADTC,49,221,230,233,415,407,421,83,81,85,83.0,59.658739999999995,91,0.87,2.59,2.8,4.65,3.05,91,0.0
2022-06-21 12:50:46.022606,ADTC,49,230,246,241,433,413,439,98,82,70,83.33333333333333,62.496333333333325,94,0.89,3.63,2.78,4.45,4.94,94,0.0
2022-06-21 12:50:48.028236,ADTC,49,248,225,239,428,436,425,78,97,92,89.0,65.97534399999999,71,0.99,3.28,2.55,3.21,3.0,71,0.0
2022-06-21 12:50:50.033537,ADTC,51,250,227,227,419,405,410,82,86,79,82.33333333333333,59.74995866666666,72,0.85,2.76,3.3,2.6,3.22,72,0.0
2022-06-21 12:50:52.038147,ADTC,51,225,242,250,421,413,413,75,75,80,76.66666666666667,55.90318666666668,85,0.86,4.71,2.95,2.68,3.79,85,0.0
2022-06-21 12:50:54.043140,ADTC,49,226,228,242,411,413,434,100,73,85,86.0,61.219272,96,1.0,4.63,4.9,4.66,3.43,96,0.0
2022-06-21 12:50:56.047786,ADTC,51,236,240,238,416,413,409,70,84,88,80.66666666666667,58.12130133333333,96,0.87,3.74,3.26,2.78,3.97,96,0.0
2022-06-21 12:50:58.052593,ADTC,49,228,230,241,416,440,420,72,88,92,84.0,60.523008,85,0.97,3.97,4.39,3.2,3.96,85,0.0
2022-06-21 12:51:00.058062,ADTC,49,234,230,250,428,432,414,93,88,86,89.0,65.97534399999999,93,0.85,2.77,2.93,2.98,4.69,93,0.0
2022-06-21 12:51:02.063654,ADTC,49,221,240,225,407,413,410,79,74,73,75.33333333333333,53.10427466666666,94,0.91,2.54,2.6,4.13,3.57,94,0.0
2022-06-21 12:51:04.068396,ADTC,51,237,243,225,423,435,410,72,91,97,86.66666666666667,63.49512,85,0.9,3.62,2.8,4.62,3.0,85,0.0
2022-06-21 12:51:06.075016,ADTC,51,237,224,237,405,414,417,71,96,91,86.0,60.32556,91,0.98,3.25,4.2,3.62,4.37,91,0.0
2022-06-21 12:51:08.086439,ADTC,50,230,238,223,411,436,413,84,83,81,82.66666666666667,58.846432,98,0.96,3.7,2.52,4.83,4.12,98,0.0
2022-06-21 12:51:10.085263,ADTC,49,248,228,235,412,432,408,89,77,92,86.0,61.368224,81,0.98,2.85,3.28,4.28,4.94,81,0.0
2022-06-21 12:51:12.090874,ADTC,49,226,240,250,434,406,426,73,86,86,81.66666666666667,61.38785333333333,96,0.94,3.73,3.37,3.4,3.28,96,0.0
2022-06-21 12:51:14.096081,ADTC,50,239,220,224,436,425,419,71,89,71,77.0,58.14670400000001,77,0.92,4.67,4.21,4.75,4.82,77,0.0
2022-06-21 12:51:16.100854,ADTC,49,239,226,249,440,439,420,98,91,99,96.0,73.15968000000001,90,0.99,3.33,4.83,3.48,4.57,90,0.0
2022-06-21 12:51:18.106054,ADTC,49,228,232,242,423,406,413,95,77,72,81.33333333333333,59.587728,90,0.85,3.46,3.52,4.56,3.43,90,0.0
2022-06-21 12:51:20.110902,ADTC,51,231,228,247,428,437,411,84,89,93,88.66666666666667,65.72824533333333,94,0.89,3.68,4.38,4.26,3.14,94,0.0
2022-06-21 12:51:22.115681,ADTC,50,239,224,244,419,405,422,78,86,81,81.66666666666667,59.266153333333335,93,1.0,3.36,2.89,3.55,3.85,93,0.0
2022-06-21 12:51:24.120719,ADTC,49,233,234,222,440,413,421,76,85,99,86.66666666666667,66.04693333333333,78,0.89,3.09,4.78,3.53,4.31,78,0.0
2022-06-21 12:51:26.125374,ADTC,50,247,228,238,412,420,431,97,80,75,84.0,59.941055999999996,90,0.99,4.96,2.9,4.46,4.29,90,0.0
2022-06-21 12:51:28.130874,ADTC,51,247,228,243,426,408,432,95,70,74,79.66666666666667,58.780616,100,0.94,4.49,4.01,3.89,2.86,100,0.0
2022-06-21 12:51:30.136129,ADTC,49,221,234,247,413,417,426,74,76,81,77.0,55.079332,86,0.98,4.6,4.99,3.56,3.48,86,0.0
2022-06-21 12:51:32.140681,ADTC,49,239,241,239,440,433,407,71,71,96,79.33333333333333,60.458346666666664,84,0.96,3.46,4.26,4.23,3.8,84,0.0
2022-06-21 12:51:34.145510,ADTC,51,238,226,239,409,438,438,70,75,100,81.66666666666667,57.85168666666667,71,0.93,3.19,3.88,4.35,3.37,71,0.0
2022-06-21 12:51:36.149288,ADTC,51,242,239,240,405,428,406,71,91,81,81.0,56.81826,76,0.99,2.62,3.9,3.73,3.98,76,0.0
2022-06-21 12:51:38.154350,ADTC,49,248,229,222,427,407,414,82,79,86,82.33333333333333,60.89076933333333,90,0.94,2.8,2.63,4.42,4.58,90,0.0
2022-06-21 12:51:40.159632,ADTC,50,239,222,223,410,412,424,83,75,100,86.0,61.07032,94,0.92,4.1,2.52,4.29,3.09,94,0.0
2022-06-21 12:51:42.164774,ADTC,50,247,236,228,414,407,420,91,79,86,85.33333333333333,61.188095999999994,99,0.88,2.58,3.34,4.06,3.52,99,0.0
2022-06-21 12:51:44.169728,ADTC,51,222,223,228,434,408,439,75,94,99,89.33333333333333,67.15079466666667,84,1.0,3.99,4.87,4.58,3.28,84,0.0
2022-06-21 12:51:46.174638,ADTC,51,221,230,224,427,407,419,70,89,85,81.33333333333333,60.15120533333332,91,0.97,3.9,2.93,2.84,4.66,91,0.0
2022-06-21 12:51:48.180012,ADTC,50,228,231,228,414,437,419,82,92,97,90.33333333333333,64.773336,95,0.85,4.74,3.9,3.77,3.52,95,0.0
2022-06-21 12:51:50.184559,ADTC,51,241,230,229,425,421,429,71,72,71,71.33333333333333,52.50846666666667,90,0.89,3.63,2.57,3.96,4.54,90,0.0
2022-06-21 12:51:52.189719,ADTC,51,245,228,224,430,416,434,84,78,73,78.33333333333333,58.33953333333333,92,0.99,3.76,4.49,3.37,3.49,92,0.0
2022-06-21 12:51:54.194456,ADTC,51,240,228,223,406,427,406,87,100,100,95.66666666666667,67.27203466666667,73,0.92,4.68,2.9,2.84,4.29,73,0.0
2022-06-21 12:51:56.200542,ADTC,50,250,234,248,425,419,415,79,83,86,82.66666666666667,60.850933333333344,75,0.88,2.53,4.54,4.38,3.61,75,0.0
2022-06-21 12:51:58.204948,ADTC,51,229,238,236,410,418,410,97,93,96,95.33333333333333,67.69810666666666,78,0.97,4.83,4.69,3.99,2.65,78,0.0
2022-06-21 12:52:00.210079,ADTC,51,240,224,241,421,421,416,72,85,71,76.0,55.417072,81,0.98,4.66,4.48,3.45,3.75,81,0.0
2022-06-21 12:52:02.215052,ADTC,51,246,229,237,439,420,434,84,80,78,80.66666666666667,61.33473866666667,81,0.95,2.91,4.58,3.41,4.93,81,0.0
2022-06-21 12:52:04.220096,ADTC,50,231,248,221,432,413,428,86,80,81,82.33333333333333,61.603775999999996,99,0.89,4.36,4.7,4.92,4.33,99,0.0
2022-06-21 12:52:06.225329,ADTC,50,236,242,238,432,408,430,86,91,99,92.0,68.83660800000001,91,0.97,2.54,4.21,3.76,2.81,91,0.0
2022-06-21 12:52:08.230552,ADTC,51,242,222,225,421,413,426,83,72,70,75.0,54.6879,96,0.97,4.69,3.12,4.23,2.55,96,0.0
2022-06-21 12:52:10.235308,ADTC,49,240,245,239,436,424,433,71,88,86,81.66666666666667,61.67074666666667,99,0.9,3.0,4.31,3.66,3.4,99,0.0
2022-06-21 12:52:12.239763,ADTC,51,235,246,247,408,429,429,76,70,86,77.33333333333333,54.64806399999999,95,0.94,3.86,3.87,4.63,3.82,95,0.0
2022-06-21 12:52:14.244757,ADTC,50,240,243,239,434,422,412,90,94,88,90.66666666666667,68.15304533333334,89,0.9,4.2,4.63,2.59,3.12,89,0.0
2022-06-21 12:52:16.249859,ADTC,50,235,245,225,415,412,414,83,84,73,80.0,57.502399999999994,75,0.91,4.71,3.51,3.17,4.95,75,0.0
2022-06-21 12:52:18.254852,ADTC,49,237,243,241,433,408,405,85,88,83,85.33333333333333,63.996245333333334,95,0.99,4.58,3.71,4.05,4.02,95,0.0
2022-06-21 12:52:20.259822,ADTC,49,237,248,233,421,426,437,73,72,93,79.33333333333333,57.84764533333333,93,0.85,3.86,4.97,3.31,4.95,93,0.0
2022-06-21 12:52:22.264511,ADTC,49,239,250,234,407,406,408,97,97,100,98.0,69.08255199999999,96,0.97,3.08,3.8,4.11,4.28,96,0.0
2022-06-21 12:52:24.272530,ADTC,49,249,226,238,427,431,410,97,82,88,89.0,65.821196,99,0.93,2.81,4.3,2.84,4.97,99,0.0
2022-06-21 12:52:26.277078,ADTC,50,226,226,223,422,430,421,93,97,97,95.66666666666667,69.92314933333333,93,0.96,4.94,3.87,3.38,4.04,93,0.0
2022-06-21 12:52:28.281705,ADTC,49,226,247,232,435,410,416,81,80,85,82.0,61.78043999999999,76,0.92,4.77,2.58,4.4,3.3,76,0.0
2022-06-21 12:52:30.286818,ADTC,50,238,223,221,415,437,438,74,77,75,75.33333333333333,54.14809333333333,77,0.93,3.16,3.91,2.56,3.9,77,0.0
2022-06-21 12:52:32.292402,ADTC,50,230,226,230,423,408,417,93,74,82,83.0,60.808788,91,0.95,3.92,3.32,4.3,3.79,91,0.0
2022-06-21 12:52:34.297034,ADTC,51,232,237,248,408,421,417,90,82,70,80.66666666666667,57.003584000000004,85,0.91,3.05,3.6,4.23,2.64,85,0.0
2022-06-21 12:52:36.301607,ADTC,50,221,241,222,437,406,412,81,71,73,75.0,56.7663,78,0.97,3.1,3.57,3.87,3.01,78,0.0
2022-06-21 12:52:38.306907,ADTC,50,240,246,231,424,430,436,78,85,86,83.0,60.952543999999996,86,0.89,4.7,4.33,4.75,3.14,86,0.0
2022-06-21 12:52:40.313642,ADTC,51,235,236,228,428,429,427,80,81,96,85.66666666666667,63.50435733333334,99,0.96,3.83,2.78,3.17,4.44,99,0.0
2022-06-21 12:52:42.319429,ADTC,50,246,224,240,408,433,426,96,84,76,85.33333333333333,60.30131199999999,74,0.89,4.21,2.84,4.78,3.57,74,0.0
2022-06-21 12:52:44.324454,ADTC,50,227,225,236,422,412,412,99,71,71,80.33333333333333,58.71595466666666,96,0.99,2.8,2.58,4.75,2.81,96,0.0
2022-06-21 12:52:46.329910,ADTC,49,247,227,250,417,422,424,98,72,70,80.0,57.779520000000005,75,0.96,4.54,3.3,4.72,2.61,75,0.0
2022-06-21 12:52:48.336327,ADTC,49,236,231,240,430,406,409,87,88,71,82.0,61.07032,71,0.88,4.35,4.76,3.65,2.51,71,0.0
2022-06-21 12:52:50.341772,ADTC,50,226,242,244,418,405,405,71,96,77,81.33333333333333,58.88338133333333,80,0.89,2.52,2.5,2.8,4.23,80,0.0
2022-06-21 12:52:52.346990,ADTC,50,237,224,220,412,413,435,87,95,71,84.33333333333333,60.178917333333324,79,0.95,3.69,4.05,2.61,2.8,79,0.0
2022-06-21 12:52:54.352276,ADTC,49,247,250,229,410,422,408,83,95,85,87.66666666666667,62.25385333333334,94,0.94,3.49,2.9,3.08,4.88,94,0.0
2022-06-21 12:52:56.357803,ADTC,49,246,227,224,440,418,411,97,99,96,97.33333333333333,74.17578666666667,73,0.85,4.94,4.78,2.69,2.68,73,0.0
2022-06-21 12:52:58.363113,ADTC,49,233,221,229,431,419,408,77,91,77,81.66666666666667,60.96351333333334,79,0.89,3.6,4.06,4.75,4.79,79,0.0
2022-06-21 12:53:00.368592,ADTC,49,235,236,225,414,411,431,95,92,98,95.0,68.11955999999999,85,0.97,4.97,4.98,2.84,4.73,85,0.0
2022-06-21 12:53:02.374764,ADTC,50,225,239,242,416,424,426,94,99,86,93.0,67.007616,88,0.87,4.68,3.7,3.39,4.31,88,0.0
2022-06-21 12:53:04.379713,ADTC,50,240,238,246,432,428,435,84,87,83,84.66666666666667,63.34963200000001,71,0.99,3.02,3.02,4.0,4.55,71,0.0
2022-06-21 12:53:06.385378,ADTC,51,227,237,246,431,427,412,71,89,74,78.0,58.226375999999995,94,0.93,2.69,3.48,4.87,4.55,94,0.0
2022-06-21 12:53:08.391183,ADTC,49,230,220,222,408,419,434,84,98,92,91.33333333333333,64.541248,95,0.95,3.28,4.25,3.53,3.23,95,0.0
2022-06-21 12:53:10.397038,ADTC,51,228,246,243,412,429,424,87,82,72,80.33333333333333,57.32458133333333,71,0.86,4.43,3.48,3.63,4.93,71,0.0
2022-06-21 12:53:12.402682,ADTC,50,249,225,224,409,415,438,93,87,91,90.33333333333333,63.991049333333336,87,1.0,2.87,2.52,4.86,3.32,87,0.0
2022-06-21 12:53:14.408743,ADTC,50,226,239,244,416,405,416,85,81,95,87.0,62.684543999999995,86,0.94,3.15,4.4,4.27,3.95,86,0.0
2022-06-21 12:53:16.415132,ADTC,50,244,237,239,438,407,424,87,90,89,88.66666666666667,67.263952,76,0.98,3.59,4.19,2.68,4.22,76,0.0
2022-06-21 12:53:18.421154,ADTC,50,250,225,242,408,436,430,88,89,79,85.33333333333333,60.30131199999999,72,0.92,2.8,3.52,4.94,2.75,72,0.0
2022-06-21 12:53:20.426907,ADTC,51,243,247,247,411,413,440,70,99,75,81.33333333333333,57.897296,99,0.96,4.97,4.81,3.09,2.8,99,0.0
2022-06-21 12:53:22.432114,ADTC,51,232,224,223,437,418,434,90,76,71,79.0,59.793836000000006,100,0.87,2.76,4.34,3.18,3.31,100,0.0
2022-06-21 12:53:24.438367,ADTC,50,238,235,233,430,415,430,79,77,96,84.0,62.559839999999994,87,1.0,3.65,3.72,2.5,3.34,87,0.0
2022-06-21 12:53:26.444055,ADTC,50,247,220,230,413,416,416,72,91,99,87.33333333333333,62.47093066666667,70,0.99,4.97,3.1,3.01,3.0,70,0.0
2022-06-21 12:53:28.450126,ADTC,49,242,233,242,428,416,414,74,82,86,80.66666666666667,59.79787733333334,86,0.93,3.63,3.86,4.13,4.58,86,0.0
2022-06-21 12:53:30.455095,ADTC,49,242,236,249,439,424,409,98,82,75,85.0,64.62957999999999,79,0.88,3.33,2.86,2.6,3.58,79,0.0
2022-06-21 12:53:32.460083,ADTC,49,247,230,225,440,414,436,95,99,83,92.33333333333333,70.36538666666667,96,1.0,3.94,3.95,3.1,4.61,96,0.0
2022-06-21 12:53:34.465995,ADTC,49,233,222,248,409,417,438,81,79,80,80.0,56.67104,84,0.96,3.18,3.96,3.49,3.86,84,0.0
2022-06-21 12:53:36.471069,ADTC,50,235,235,228,406,417,426,87,80,91,86.0,60.474512000000004,84,0.85,4.5,3.43,4.57,3.98,84,0.0
2022-06-21 12:53:38.476666,ADTC,51,236,245,236,413,421,412,91,95,76,87.33333333333333,62.47093066666667,75,0.95,2.61,3.5,4.24,3.06,75,0.0
2022-06-21 12:53:40.481165,ADTC,49,237,223,236,417,416,416,91,86,91,89.33333333333333,64.520464,100,0.9,3.49,2.79,2.91,3.6,100,0.0
2022-06-21 12:53:42.486241,ADTC,51,220,248,225,432,410,423,99,75,75,83.0,62.102592,94,0.91,4.96,2.84,3.16,3.13,94,0.0
2022-06-21 12:53:44.491465,ADTC,51,237,220,222,433,411,427,85,83,82,83.33333333333333,62.496333333333325,74,0.97,4.83,3.62,4.14,4.9,74,0.0
2022-06-21 12:53:46.495273,ADTC,49,232,228,220,440,440,435,87,89,79,85.0,64.77680000000001,83,0.92,2.73,3.62,3.96,2.82,83,0.0
2022-06-21 12:53:48.500385,ADTC,51,247,237,242,418,428,412,97,87,78,87.33333333333333,63.22723733333333,71,0.88,4.88,4.73,3.42,4.53,71,0.0
2022-06-21 12:53:50.505237,ADTC,49,241,230,250,430,433,416,82,98,98,92.66666666666667,69.01442666666667,98,0.93,3.74,2.5,2.97,4.09,98,0.0
2022-06-21 12:53:52.510207,ADTC,50,250,231,236,412,413,426,88,75,95,86.0,61.368224,81,0.99,4.33,3.81,3.75,4.63,81,0.0
2022-06-21 12:53:54.514647,ADTC,51,232,246,247,422,439,423,94,90,90,91.33333333333333,66.75589866666667,83,1.0,4.47,2.89,3.89,3.21,83,0.0
2022-06-21 12:53:56.519235,ADTC,51,235,248,230,413,409,436,85,82,99,88.66666666666667,63.42468533333334,70,0.92,3.22,4.85,4.12,2.73,70,0.0
2022-06-21 12:53:58.522848,ADTC,49,247,245,222,425,435,418,95,70,84,83.0,61.0963,86,0.92,4.61,3.64,3.45,4.84,86,0.0
2022-06-21 12:54:00.528774,ADTC,50,242,232,232,408,417,405,98,87,91,92.0,65.01235199999999,90,0.91,3.66,4.03,2.94,2.94,90,0.0
2022-06-21 12:54:02.535322,ADTC,50,225,237,223,429,435,429,94,80,72,82.0,60.928296,83,1.0,2.96,3.65,3.23,4.82,83,0.0
2022-06-21 12:54:04.541259,ADTC,49,233,238,227,429,409,426,85,79,88,84.0,62.414352,84,1.0,2.67,3.92,4.45,4.04,84,0.0
2022-06-21 12:54:06.547088,ADTC,49,222,220,235,417,421,436,98,71,97,88.66666666666667,64.03896800000001,81,0.85,2.98,4.45,4.81,4.76,81,0.0
2022-06-21 12:54:08.553459,ADTC,51,234,243,230,411,424,435,77,77,81,78.33333333333333,55.761739999999996,82,0.96,4.53,3.47,2.64,3.03,82,0.0
2022-06-21 12:54:10.559748,ADTC,51,243,226,228,417,426,405,86,83,70,79.66666666666667,57.538772,91,0.91,4.65,3.3,4.21,4.73,91,0.0
2022-06-21 12:54:12.565779,ADTC,49,247,226,233,423,406,427,95,88,83,88.66666666666667,64.960392,93,0.97,2.98,3.4,3.03,4.29,93,0.0
2022-06-21 12:54:14.571461,ADTC,50,246,229,237,430,420,416,75,89,89,84.33333333333333,62.80809333333333,98,0.95,4.01,2.97,4.78,4.31,98,0.0
2022-06-21 12:54:16.583618,ADTC,50,227,240,243,418,424,436,71,94,96,87.0,62.985912,95,1.0,3.98,3.73,3.27,3.73,95,0.0
2022-06-21 12:54:18.581926,ADTC,49,236,242,243,436,419,422,71,77,89,79.0,59.657008000000005,90,0.99,3.46,2.86,2.73,4.92,90,0.0
2022-06-21 12:54:20.587356,ADTC,50,241,222,244,432,424,432,84,95,70,83.0,62.102592,97,0.96,2.71,3.05,3.03,3.19,97,0.0
2022-06-21 12:54:22.593271,ADTC,49,250,236,229,417,425,413,71,77,91,79.66666666666667,57.538772,80,0.91,4.89,3.42,4.73,3.16,80,0.0
2022-06-21 12:54:24.599180,ADTC,51,250,242,239,432,435,435,85,97,83,88.33333333333333,66.09312,86,0.99,4.58,2.7,4.66,4.13,86,0.0
2022-06-21 12:54:26.605694,ADTC,50,226,221,244,406,416,420,99,89,85,91.0,63.990472000000004,80,0.89,2.84,4.26,4.34,2.59,80,0.0
2022-06-21 12:54:28.610603,ADTC,50,240,227,241,431,427,416,86,84,78,82.66666666666667,61.710005333333335,79,0.92,4.77,4.16,2.94,2.83,79,0.0
2022-06-21 12:54:30.615734,ADTC,49,224,243,229,422,426,438,83,77,92,84.0,61.395936,72,0.85,3.62,4.81,4.65,2.65,72,0.0
2022-06-21 12:54:32.620518,ADTC,51,223,225,249,437,426,421,73,87,79,79.66666666666667,60.29842533333334,87,0.94,2.69,4.08,2.77,4.27,87,0.0
2022-06-21 12:54:34.625656,ADTC,51,227,223,242,411,411,434,77,87,75,79.66666666666667,56.710876000000006,73,0.97,4.72,3.02,3.61,3.67,73,0.0
2022-06-21 12:54:36.630223,ADTC,49,238,239,224,423,429,416,78,77,97,84.0,61.541424,95,0.88,4.5,3.36,4.12,2.84,95,0.0
2022-06-21 12:54:38.635408,ADTC,50,248,241,223,432,425,432,97,71,95,87.66666666666667,65.59430400000001,73,1.0,3.81,3.61,4.24,3.32,73,0.0
2022-06-21 12:54:40.641053,ADTC,49,225,244,247,424,415,406,76,80,95,83.66666666666667,61.44212266666666,88,0.91,4.28,3.4,4.62,2.5,88,0.0
2022-06-21 12:54:42.645385,ADTC,51,246,248,233,425,415,435,82,82,86,83.33333333333333,61.34166666666666,78,0.91,2.74,2.99,4.03,4.73,78,0.0
2022-06-21 12:54:44.650052,ADTC,49,245,222,243,423,431,433,82,82,82,82.0,60.07615199999999,86,0.85,2.78,4.82,2.52,3.36,86,0.0
2022-06-21 12:54:46.655090,ADTC,50,240,239,250,434,440,428,86,91,78,85.0,63.89348,75,0.94,4.97,2.69,4.54,4.62,75,0.0
2022-06-21 12:54:48.659889,ADTC,49,226,241,226,418,421,435,89,89,92,90.0,65.15784,94,0.95,4.76,4.57,2.83,3.62,94,0.0
2022-06-21 12:54:50.664550,ADTC,49,243,233,245,407,408,422,89,90,100,93.0,65.557932,90,0.91,4.7,4.04,3.68,3.83,90,0.0
2022-06-21 12:54:52.670184,ADTC,51,221,233,228,420,429,411,85,87,95,89.0,64.74216,98,0.95,4.91,4.32,3.68,2.91,98,0.0
2022-06-21 12:54:54.674853,ADTC,49,242,233,229,415,411,426,82,77,72,77.0,55.346059999999994,70,0.87,2.66,2.75,2.79,3.02,70,0.0
2022-06-21 12:54:56.679902,ADTC,49,230,228,229,436,423,437,83,86,94,87.66666666666667,66.20165866666667,73,0.94,4.44,4.55,2.98,3.41,73,0.0
2022-06-21 12:54:58.685122,ADTC,50,247,232,234,434,410,423,80,89,77,82.0,61.638416,87,0.94,2.72,4.21,4.94,3.04,87,0.0
2022-06-21 12:55:00.690119,ADTC,49,245,248,237,414,438,433,77,95,80,84.0,60.232032,73,0.99,4.35,2.99,3.0,4.87,73,0.0
2022-06-21 12:55:02.695271,ADTC,50,229,248,230,405,432,406,71,75,85,77.0,54.012420000000006,79,0.92,2.94,3.56,3.4,4.77,79,0.0
2022-06-21 12:55:04.700202,ADTC,49,233,236,247,409,433,440,99,75,92,88.66666666666667,62.810402666666675,96,0.88,3.13,3.05,3.19,3.27,96,0.0
2022-06-21 12:55:06.705533,ADTC,51,228,230,239,425,434,412,85,73,74,77.33333333333333,56.925066666666666,76,0.9,4.42,4.11,2.69,3.02,76,0.0
2022-06-21 12:55:08.710871,ADTC,49,231,235,232,428,434,418,88,86,91,88.33333333333333,65.48114666666666,79,0.87,4.57,4.78,3.55,2.78,79,0.0
2022-06-21 12:55:10.715832,ADTC,50,245,231,242,436,435,416,77,86,82,81.66666666666667,61.67074666666667,90,0.95,2.94,4.27,2.55,4.65,90,0.0
2022-06-21 12:55:12.720408,ADTC,50,226,250,236,430,420,425,79,75,95,83.0,61.81508,73,0.89,4.34,2.72,3.71,3.61,73,0.0
2022-06-21 12:55:14.725403,ADTC,49,237,236,225,427,418,418,98,86,96,93.33333333333333,69.02597333333333,98,0.97,4.08,4.05,4.43,3.85,98,0.0
2022-06-21 12:55:16.730220,ADTC,50,233,220,231,412,412,437,97,71,75,81.0,57.800304,75,0.9,2.68,4.04,3.0,4.56,75,0.0
2022-06-21 12:55:18.735487,ADTC,49,249,250,237,436,439,430,75,97,99,90.33333333333333,68.21539733333333,99,0.99,2.91,3.39,3.97,3.07,99,0.0
2022-06-21 12:55:20.739898,ADTC,51,228,221,223,438,440,439,75,88,96,86.33333333333333,65.493848,81,0.98,4.12,2.86,4.69,4.29,81,0.0
2022-06-21 12:55:22.744732,ADTC,51,250,237,246,439,438,430,83,70,92,81.66666666666667,62.09508666666667,100,0.88,3.73,4.23,3.75,3.99,100,0.0
2022-06-21 12:55:24.749967,ADTC,50,240,241,221,421,410,423,83,73,75,77.0,56.146243999999996,95,0.89,2.68,4.57,3.53,2.76,95,0.0
2022-06-21 12:55:26.754953,ADTC,49,235,248,237,429,418,414,84,82,70,78.66666666666667,58.451536000000004,78,0.98,4.77,3.48,2.74,3.02,78,0.0
2022-06-21 12:55:28.760267,ADTC,51,235,224,226,440,424,414,83,86,79,82.66666666666667,62.99861333333334,74,0.86,2.93,2.93,2.94,3.16,74,0.0
2022-06-21 12:55:30.764908,ADTC,51,228,247,241,420,407,407,88,77,72,79.0,57.46775999999999,84,0.98,4.86,3.22,4.76,4.79,84,0.0
2022-06-21 12:55:32.769859,ADTC,50,237,229,220,440,434,433,75,78,92,81.66666666666667,62.23653333333334,92,0.89,2.67,3.38,4.44,3.72,92,0.0
2022-06-21 12:55:34.775387,ADTC,50,247,230,225,424,423,408,80,88,81,83.0,60.952543999999996,75,0.98,3.91,3.49,3.42,3.25,75,0.0
2022-06-21 12:55:36.780306,ADTC,51,240,223,244,426,417,423,93,100,99,97.33333333333333,71.815648,86,0.89,4.28,3.73,4.59,3.73,86,0.0
2022-06-21 12:55:38.785397,ADTC,51,223,243,247,429,410,440,91,71,78,80.0,59.442240000000005,70,0.92,2.62,3.14,3.73,4.64,70,0.0
2022-06-21 12:55:40.790148,ADTC,50,220,223,220,405,428,408,89,85,83,85.66666666666667,60.09174000000001,95,0.96,2.72,2.53,4.87,4.06,95,0.0
2022-06-21 12:55:42.795595,ADTC,50,239,238,235,429,437,416,94,80,71,81.66666666666667,60.680620000000005,88,0.97,2.64,3.45,3.03,4.97,88,0.0
2022-06-21 12:55:44.799997,ADTC,51,226,247,242,414,433,408,98,75,80,84.33333333333333,60.471047999999996,92,0.93,3.14,4.19,4.71,3.02,92,0.0
2022-06-21 12:55:46.805135,ADTC,50,243,229,225,417,416,439,91,90,99,93.33333333333333,67.40944,89,0.95,4.12,3.13,4.62,3.4,89,0.0
2022-06-21 12:55:48.810405,ADTC,49,229,236,234,415,430,430,74,89,95,86.0,61.815079999999995,99,0.87,5.0,3.15,3.13,4.83,99,0.0
2022-06-21 12:55:50.815449,ADTC,50,246,248,232,426,418,424,84,86,74,81.33333333333333,60.010335999999995,81,0.97,3.69,3.26,3.14,2.55,81,0.0
2022-06-21 12:55:52.820566,ADTC,51,228,230,249,409,420,422,90,96,98,94.66666666666667,67.06073066666667,74,0.87,4.71,4.88,4.84,4.64,74,0.0
2022-06-21 12:55:54.824993,ADTC,50,228,229,230,415,423,408,78,70,90,79.33333333333333,57.023213333333324,76,0.96,2.6,4.21,2.58,4.83,76,0.0
2022-06-21 12:55:56.829726,ADTC,51,246,240,229,416,415,413,88,95,83,88.66666666666667,63.88539733333334,96,0.99,4.67,4.9,3.04,3.33,96,0.0
2022-06-21 12:55:58.834896,ADTC,50,223,227,230,425,423,427,90,71,94,85.0,62.5685,99,0.93,4.8,2.51,4.33,4.94,99,0.0
2022-06-21 12:56:00.839964,ADTC,49,224,239,246,425,406,422,77,82,75,78.0,57.415800000000004,73,0.99,4.27,3.04,4.59,3.83,73,0.0
2022-06-21 12:56:02.845120,ADTC,51,247,246,230,434,435,435,88,97,92,92.33333333333333,69.40585866666666,74,0.93,3.02,2.86,4.23,4.86,74,0.0
2022-06-21 12:56:04.850451,ADTC,50,250,249,228,416,406,431,90,82,93,88.33333333333333,63.64522666666665,87,0.99,3.59,4.58,3.12,3.89,87,0.0
2022-06-21 12:56:06.855700,ADTC,50,236,249,244,431,420,431,90,77,85,84.0,62.705327999999994,93,0.91,3.38,3.79,4.69,4.94,93,0.0
2022-06-21 12:56:08.861089,ADTC,50,230,235,235,429,440,430,82,93,75,83.33333333333333,61.919,81,0.91,3.64,3.24,4.64,3.14,81,0.0
2022-06-21 12:56:10.865210,ADTC,50,240,235,232,418,418,417,90,94,72,85.33333333333333,61.779285333333334,83,0.95,4.81,4.11,2.91,4.96,83,0.0
2022-06-21 12:56:12.870365,ADTC,49,221,244,244,417,414,429,100,92,93,95.0,68.61318000000001,93,0.92,4.81,2.55,4.4,2.62,93,0.0
2022-06-21 12:56:14.875756,ADTC,50,228,227,232,430,428,413,76,90,75,80.33333333333333,59.82905333333333,76,0.99,2.5,4.25,2.65,3.5,76,0.0
2022-06-21 12:56:16.880499,ADTC,51,248,241,224,428,433,417,88,73,78,79.66666666666667,59.05658133333334,89,0.94,3.72,3.75,3.62,3.42,89,0.0
2022-06-21 12:56:18.885131,ADTC,49,236,234,235,430,429,438,92,88,79,86.33333333333333,64.29761333333333,72,0.99,3.77,4.36,3.96,2.68,72,0.0
2022-06-21 12:56:20.890376,ADTC,50,249,234,232,424,428,416,75,94,71,80.0,58.74943999999999,73,0.92,3.02,2.61,4.84,3.05,73,0.0
2022-06-21 12:56:22.895296,ADTC,49,222,230,227,432,405,439,93,86,86,88.33333333333333,66.09312,89,0.89,4.37,2.76,4.77,4.55,89,0.0
2022-06-21 12:56:24.900769,ADTC,51,245,248,238,409,410,407,74,98,71,81.0,57.379428,100,1.0,4.9,2.59,3.79,2.93,100,0.0
2022-06-21 12:56:26.904737,ADTC,49,248,237,247,419,409,436,94,72,81,82.33333333333333,59.74995866666666,96,0.87,3.57,2.62,3.33,2.76,96,0.0
2022-06-21 12:56:28.910105,ADTC,49,232,233,242,415,414,425,98,77,79,84.66666666666667,60.85670666666667,96,1.0,3.97,4.67,2.51,4.4,96,0.0
2022-06-21 12:56:30.915523,ADTC,49,247,228,236,429,426,434,72,73,76,73.66666666666667,54.736396000000006,100,0.96,3.59,4.21,3.68,3.53,100,0.0
2022-06-21 12:56:32.919544,ADTC,51,236,220,247,432,435,438,95,90,87,90.66666666666667,67.83897600000002,71,0.96,3.8,2.84,2.57,3.03,71,0.0
2022-06-21 12:56:34.925281,ADTC,49,247,235,237,430,440,422,96,77,97,90.0,67.02839999999999,72,0.88,4.29,3.48,2.51,4.22,72,0.0
2022-06-21 12:56:36.930784,ADTC,49,245,248,235,434,431,408,91,74,77,80.66666666666667,60.63616533333334,85,0.94,4.34,4.14,4.94,3.93,85,0.0
2022-06-21 12:56:38.936398,ADTC,50,228,249,248,426,407,416,82,80,97,86.33333333333333,63.699495999999996,85,0.85,3.78,4.77,3.47,4.18,85,0.0
2022-06-21 12:56:40.942774,ADTC,51,238,233,227,414,414,428,81,83,71,78.33333333333333,56.16875999999999,89,0.92,4.52,4.63,2.83,3.26,89,0.0
2022-06-21 12:56:42.947982,ADTC,51,250,220,243,436,430,422,80,77,72,76.33333333333333,57.64326933333333,87,0.9,2.98,2.52,4.65,3.76,87,0.0
2022-06-21 12:56:44.953005,ADTC,51,235,245,221,421,423,428,70,70,100,80.0,58.333760000000005,96,0.89,3.56,4.78,4.67,3.25,96,0.0
2022-06-21 12:56:46.958071,ADTC,50,236,244,247,428,409,425,100,75,99,91.33333333333333,67.70503466666668,71,0.91,3.88,4.9,3.25,4.46,71,0.0
2022-06-21 12:56:48.963886,ADTC,51,242,231,241,428,438,434,96,91,96,94.33333333333333,69.92892266666667,83,0.91,2.93,4.89,2.78,4.97,83,0.0
2022-06-21 12:56:50.970619,ADTC,51,238,223,250,417,413,438,99,90,76,88.33333333333333,63.79822,93,0.99,4.52,4.93,2.72,2.96,93,0.0
2022-06-21 12:56:52.975755,ADTC,49,221,235,237,432,426,438,95,78,97,90.0,67.34016,97,0.97,3.61,3.3,4.13,3.25,97,0.0
2022-06-21 12:56:54.981822,ADTC,49,244,222,228,430,436,421,78,73,82,77.66666666666667,57.843026666666674,77,0.88,4.76,3.99,4.8,3.88,77,0.0
2022-06-21 12:56:56.988294,ADTC,49,237,234,249,408,436,414,93,70,93,85.33333333333333,60.30131199999999,83,0.91,4.59,2.74,4.2,4.71,83,0.0
2022-06-21 12:56:58.992411,ADTC,50,237,242,234,428,440,432,80,73,72,75.0,55.5972,74,0.86,4.86,2.66,3.79,4.94,74,0.0
2022-06-21 12:57:00.997603,ADTC,49,235,221,229,413,434,438,72,92,73,79.0,56.509964,96,0.97,2.63,2.74,4.0,2.67,96,0.0
2022-06-21 12:57:03.003541,ADTC,49,243,225,242,423,430,421,80,88,83,83.66666666666667,61.297212,79,1.0,4.27,2.69,4.73,3.37,79,0.0
2022-06-21 12:57:05.008272,ADTC,50,243,245,238,431,409,436,98,84,100,94.0,70.17024799999999,99,0.95,3.64,3.34,4.24,3.36,99,0.0
2022-06-21 12:57:07.014643,ADTC,50,241,248,249,422,423,438,85,79,71,78.33333333333333,57.254146666666664,71,0.96,3.9,3.86,3.62,2.63,71,0.0
2022-06-21 12:57:09.021100,ADTC,51,244,229,239,423,440,440,95,91,81,89.0,65.204604,77,0.87,3.27,3.62,3.64,3.81,77,0.0
2022-06-21 12:57:11.027433,ADTC,49,228,248,239,412,426,420,82,73,89,81.33333333333333,58.038165333333325,91,0.97,3.28,3.66,3.97,4.31,91,0.0
2022-06-21 12:57:13.032375,ADTC,49,231,248,232,418,427,429,82,76,89,82.33333333333333,59.60735733333333,79,0.88,3.66,4.88,4.86,4.56,79,0.0
2022-06-21 12:57:15.037952,ADTC,50,223,243,232,429,409,433,80,95,77,84.0,62.414352,72,0.96,2.5,2.83,4.99,3.4,72,0.0
2022-06-21 12:57:17.043759,ADTC,49,223,232,247,425,413,410,96,91,70,85.66666666666667,63.05923333333334,81,0.99,2.85,2.55,4.27,4.4,81,0.0
2022-06-21 12:57:19.050165,ADTC,51,244,250,236,431,440,437,89,82,99,90.0,67.18428,92,0.87,3.88,3.53,4.49,3.89,92,0.0
2022-06-21 12:57:21.055864,ADTC,50,225,230,241,421,416,408,91,91,94,92.0,67.083824,74,0.86,3.36,3.44,3.24,3.03,74,0.0
2022-06-21 12:57:23.063876,ADTC,49,223,222,224,417,431,440,75,87,95,85.66666666666667,61.872236,81,0.96,3.47,3.1,3.11,3.33,81,0.0
2022-06-21 12:57:25.066450,ADTC,51,229,237,249,406,438,420,74,90,71,78.33333333333333,55.08337333333333,98,1.0,4.46,3.34,3.0,4.67,98,0.0
2022-06-21 12:57:27.072759,ADTC,49,237,230,246,409,412,419,76,95,86,85.66666666666667,60.68523866666667,89,0.92,3.9,3.56,4.59,4.69,89,0.0
2022-06-21 12:57:29.078424,ADTC,51,226,241,243,438,423,419,72,89,78,79.66666666666667,60.436408,73,0.98,4.3,3.04,3.91,4.0,73,0.0
2022-06-21 12:57:31.083029,ADTC,49,244,242,221,408,424,430,78,85,80,81.0,57.239136,99,1.0,4.8,3.61,3.52,2.86,99,0.0
2022-06-21 12:57:33.088499,ADTC,51,249,239,222,424,435,416,86,100,93,93.0,68.29622399999998,94,0.93,4.87,4.06,2.85,4.16,94,0.0
2022-06-21 12:57:35.093023,ADTC,51,244,249,248,438,433,432,99,82,91,90.66666666666667,68.78118400000001,77,1.0,2.78,4.0,2.91,2.93,77,0.0
2022-06-21 12:57:37.098437,ADTC,49,227,239,250,421,428,418,89,99,100,96.0,70.000512,88,0.89,3.67,2.99,2.53,3.78,88,0.0
2022-06-21 12:57:39.104423,ADTC,49,226,236,232,428,433,412,85,73,92,83.33333333333333,61.77466666666666,78,0.93,3.33,3.7,4.0,4.22,78,0.0
2022-06-21 12:57:41.110033,ADTC,50,221,230,246,410,417,410,87,82,70,79.66666666666667,56.57289333333333,97,0.9,4.86,2.77,4.72,4.83,97,0.0
2022-06-21 12:57:43.115569,ADTC,50,231,245,226,417,416,419,96,91,88,91.66666666666667,66.20570000000001,71,0.95,3.91,4.42,4.04,3.55,71,0.0
2022-06-21 12:57:45.119907,ADTC,49,227,232,233,424,406,438,82,87,83,84.0,61.686912,75,0.89,2.88,4.85,4.15,2.59,75,0.0
2022-06-21 12:57:47.124813,ADTC,49,240,224,235,439,414,412,85,91,81,85.66666666666667,65.13647866666668,89,0.86,4.74,2.51,4.24,4.89,89,0.0
2022-06-21 12:57:49.129856,ADTC,50,228,231,235,427,422,439,89,89,89,89.0,65.821196,91,0.97,4.6,3.66,3.44,4.43,91,0.0
2022-06-21 12:57:51.136340,ADTC,51,239,231,243,409,415,428,73,77,79,76.33333333333333,54.07361733333334,70,0.93,4.23,2.66,2.97,3.88,70,0.0
2022-06-21 12:57:53.139751,ADTC,51,244,250,221,437,433,418,81,94,83,86.0,65.09202400000001,72,1.0,2.51,4.2,2.84,4.36,72,0.0
2022-06-21 12:57:55.144970,ADTC,49,227,237,231,434,435,440,79,95,77,83.66666666666667,62.891229333333335,85,0.91,4.77,4.84,2.91,4.8,85,0.0
2022-06-21 12:57:57.149930,ADTC,50,241,249,235,418,430,427,70,90,73,77.66666666666667,56.22880266666667,87,0.98,4.19,3.81,2.62,4.89,87,0.0
2022-06-21 12:57:59.154772,ADTC,51,237,228,249,426,406,417,94,95,78,89.0,65.667048,73,0.96,2.68,2.96,2.63,4.83,73,0.0
2022-06-21 12:58:01.159362,ADTC,51,239,229,247,414,424,415,82,97,70,83.0,59.514984,96,0.88,2.95,2.83,3.36,4.73,96,0.0
2022-06-21 12:58:03.164814,ADTC,49,230,223,250,419,412,439,96,79,80,85.0,61.68518,72,0.96,4.9,2.92,4.15,3.73,72,0.0
2022-06-21 12:58:05.169470,ADTC,49,241,241,223,438,432,407,89,76,91,85.33333333333333,64.735232,89,0.85,3.45,4.04,3.47,3.97,89,0.0
2022-06-21 12:58:07.174502,ADTC,49,231,234,221,417,424,409,84,99,80,87.66666666666667,63.31672400000001,90,0.97,2.85,2.87,3.42,4.82,90,0.0
2022-06-21 12:58:09.179635,ADTC,49,236,242,239,416,427,424,79,94,72,81.66666666666667,58.841813333333334,94,0.98,4.52,2.9,2.96,2.75,94,0.0
2022-06-21 12:58:11.185279,ADTC,51,221,250,243,435,411,419,71,81,99,83.66666666666667,63.036139999999996,70,0.85,3.55,3.56,3.2,4.55,70,0.0
2022-06-21 12:58:13.190129,ADTC,51,228,235,234,410,422,420,83,100,72,85.0,60.3602,86,0.95,3.81,4.43,4.36,3.06,86,0.0
2022-06-21 12:58:15.195261,ADTC,49,250,222,244,414,432,439,95,99,86,93.33333333333333,66.92448,96,0.9,2.72,2.58,4.56,4.44,96,0.0
2022-06-21 12:58:17.200250,ADTC,50,231,240,250,439,416,419,78,99,98,91.66666666666667,69.69856666666666,97,0.97,2.98,4.45,4.74,3.27,97,0.0
2022-06-21 12:58:19.205301,ADTC,49,234,249,244,415,409,432,83,93,100,92.0,66.12776,72,0.99,2.81,4.31,3.41,3.71,72,0.0
2022-06-21 12:58:21.210149,ADTC,50,248,238,224,437,433,429,97,100,73,90.0,68.11955999999999,95,0.94,4.99,3.93,3.77,3.22,95,0.0
2022-06-21 12:58:23.215139,ADTC,50,236,242,227,409,406,414,85,75,97,85.66666666666667,60.68523866666667,97,0.95,2.68,3.46,2.57,3.68,97,0.0
2022-06-21 12:58:25.220664,ADTC,49,238,226,226,415,436,415,70,72,97,79.66666666666667,57.26280666666667,83,0.98,3.35,2.58,3.82,3.0,83,0.0
2022-06-21 12:58:27.225213,ADTC,49,222,226,232,406,414,435,98,72,87,85.66666666666667,60.24011466666667,85,0.94,4.17,3.84,3.32,2.68,85,0.0
2022-06-21 12:58:29.230428,ADTC,51,224,241,235,422,425,426,70,78,95,81.0,59.203224,89,0.89,3.05,4.6,2.52,3.1,89,0.0
2022-06-21 12:58:31.235319,ADTC,49,220,249,242,405,424,427,71,88,85,81.33333333333333,57.052080000000004,98,0.9,2.85,4.81,4.93,4.36,98,0.0
2022-06-21 12:58:33.240513,ADTC,51,229,224,243,428,428,409,70,76,86,77.33333333333333,57.326890666666664,89,0.85,3.21,4.27,3.83,4.44,89,0.0
2022-06-21 12:58:35.245324,ADTC,49,247,234,244,410,412,425,78,80,99,85.66666666666667,60.83361333333333,100,0.94,4.7,3.11,2.97,4.05,100,0.0
2022-06-21 12:58:37.250401,ADTC,50,248,220,238,406,413,409,82,93,95,90.0,63.287279999999996,93,0.94,3.6,4.71,4.64,3.43,93,0.0
2022-06-21 12:58:39.255573,ADTC,50,223,241,226,428,417,405,85,74,82,80.33333333333333,59.550778666666666,80,0.97,4.65,3.78,4.2,4.16,80,0.0
2022-06-21 12:58:41.260722,ADTC,50,220,237,232,424,421,412,71,75,98,81.33333333333333,59.728597333333326,77,0.9,2.58,4.35,4.35,3.42,77,0.0
2022-06-21 12:58:43.266013,ADTC,49,241,227,248,434,415,410,74,95,99,89.33333333333333,67.15079466666667,97,0.92,3.04,4.73,4.14,4.51,97,0.0
2022-06-21 12:58:45.271401,ADTC,51,232,233,228,416,436,408,76,82,97,85.0,61.24352,96,0.93,4.91,4.52,4.41,4.42,96,0.0
2022-06-21 12:58:47.276488,ADTC,51,246,238,242,409,416,432,71,89,76,78.66666666666667,55.72652266666667,83,0.85,3.2,3.93,3.44,4.6,83,0.0
2022-06-21 12:58:49.281756,ADTC,50,243,235,230,418,413,422,89,75,96,86.66666666666667,62.74458666666667,70,0.99,4.31,4.09,2.9,4.14,70,0.0
2022-06-21 12:58:51.286838,ADTC,50,229,237,229,423,420,412,85,75,74,78.0,57.145608,70,0.86,3.68,3.46,3.4,4.83,70,0.0
2022-06-21 12:58:53.291832,ADTC,50,249,244,221,415,420,440,83,94,79,85.33333333333333,61.335893333333324,99,0.93,3.83,4.25,3.38,2.63,99,0.0
2022-06-21 12:58:55.296833,ADTC,50,246,233,227,429,406,436,94,85,72,83.66666666666667,62.16667600000001,74,0.9,2.55,2.98,4.69,2.59,74,0.0
2022-06-21 12:58:57.301255,ADTC,49,237,248,238,409,409,411,95,90,74,86.33333333333333,61.15749733333333,82,0.95,3.02,2.67,4.75,2.55,82,0.0
2022-06-21 12:58:59.306333,ADTC,51,239,230,226,421,426,410,79,88,91,86.0,62.708792,77,0.97,2.89,3.11,4.47,4.64,77,0.0
2022-06-21 12:59:01.311397,ADTC,50,243,243,237,434,432,409,83,71,90,81.33333333333333,61.13729066666666,81,0.89,3.81,4.23,3.66,4.23,81,0.0
2022-06-21 12:59:03.315994,ADTC,51,229,227,243,411,427,430,71,95,81,82.33333333333333,58.60914799999999,87,0.87,4.48,3.85,3.72,4.37,87,0.0
2022-06-21 12:59:05.321005,ADTC,51,220,236,232,411,431,437,93,94,94,93.66666666666667,66.676804,78,0.97,3.18,3.14,2.61,3.74,78,0.0
2022-06-21 12:59:07.326219,ADTC,51,234,245,221,428,409,416,79,92,81,84.0,62.268864,96,0.88,3.09,4.91,2.56,3.2,96,0.0
2022-06-21 12:59:09.331335,ADTC,50,220,231,231,428,435,426,94,96,79,89.66666666666667,66.46954133333334,72,0.9,3.66,4.1,4.46,3.8,72,0.0
2022-06-21 12:59:11.336464,ADTC,50,223,235,220,439,421,429,93,75,96,88.0,66.910624,85,0.97,2.69,3.41,3.54,2.79,85,0.0
2022-06-21 12:59:13.341283,ADTC,51,233,238,223,425,424,419,88,95,88,90.33333333333333,66.49436666666666,79,0.94,3.12,4.6,4.34,3.42,79,0.0
2022-06-21 12:59:15.346268,ADTC,49,229,249,239,414,420,415,83,89,81,84.33333333333333,60.471047999999996,87,0.95,3.38,3.45,3.99,4.64,87,0.0
2022-06-21 12:59:17.351378,ADTC,51,231,242,247,425,440,426,86,80,72,79.33333333333333,58.39726666666666,93,0.87,3.45,3.22,4.32,3.96,93,0.0
2022-06-21 12:59:19.356344,ADTC,49,250,249,231,409,432,440,77,99,79,85.0,60.21298,70,0.97,4.21,3.83,2.78,2.56,70,0.0
2022-06-21 12:59:21.361634,ADTC,50,236,241,248,438,437,432,94,98,72,88.0,66.758208,96,0.96,4.56,4.39,4.98,3.22,96,0.0
2022-06-21 12:59:23.366719,ADTC,51,226,245,223,412,410,413,85,85,71,80.33333333333333,57.32458133333333,76,0.86,3.99,4.59,4.7,4.08,76,0.0
2022-06-21 12:59:25.371313,ADTC,50,221,248,246,430,428,412,96,98,94,96.0,71.49695999999999,81,0.9,4.04,2.83,2.55,2.51,81,0.0
2022-06-21 12:59:27.376079,ADTC,51,240,246,237,439,412,410,72,92,79,81.0,61.588187999999995,97,0.98,4.12,4.94,2.62,4.52,97,0.0
2022-06-21 12:59:29.381258,ADTC,50,224,244,221,432,435,409,73,83,89,81.66666666666667,61.104960000000005,79,0.92,4.93,3.98,3.34,3.3,79,0.0
2022-06-21 12:59:31.385903,ADTC,50,226,250,237,438,408,405,84,70,83,79.0,59.930664,89,1.0,3.5,4.0,4.64,3.16,89,0.0
2022-06-21 12:59:33.391512,ADTC,50,231,240,242,425,425,405,86,76,89,83.66666666666667,61.58703333333334,70,0.93,4.08,4.4,4.47,4.85,70,0.0
2022-06-21 12:59:35.397192,ADTC,51,226,249,246,416,431,430,100,95,77,90.66666666666667,65.32642133333333,75,0.93,2.83,3.67,2.76,3.67,75,0.0
2022-06-21 12:59:37.403105,ADTC,50,231,243,235,407,410,435,96,100,90,95.33333333333333,67.20275466666666,94,0.91,3.14,2.82,3.96,4.51,94,0.0
2022-06-21 12:59:39.408510,ADTC,51,237,243,246,411,424,413,96,99,99,98.0,69.761496,77,0.94,3.37,4.34,3.62,4.09,77,0.0
2022-06-21 12:59:41.413662,ADTC,49,231,233,237,424,415,418,75,74,80,76.33333333333333,56.05675733333333,98,0.98,4.81,3.24,3.54,2.62,98,0.0
2022-06-21 12:59:43.418275,ADTC,50,239,241,234,438,438,428,99,91,100,96.66666666666667,73.33288,90,0.99,4.62,3.34,4.76,2.82,90,0.0
2022-06-21 12:59:45.423545,ADTC,51,245,226,247,417,413,428,92,80,74,82.0,59.224008000000005,88,0.91,3.45,2.98,2.89,4.53,88,0.0
2022-06-21 12:59:47.428902,ADTC,51,241,232,243,429,421,420,92,91,83,88.66666666666667,65.881816,85,0.85,2.73,2.69,4.56,3.39,85,0.0
2022-06-21 12:59:49.433995,ADTC,50,223,232,247,422,429,421,95,90,71,85.33333333333333,62.37047466666666,77,0.93,2.94,4.15,3.15,3.12,77,0.0
2022-06-21 12:59:51.438887,ADTC,49,232,225,241,434,417,429,79,85,95,86.33333333333333,64.89573066666667,87,0.91,3.61,4.04,2.83,4.95,87,0.0
2022-06-21 12:59:53.443778,ADTC,51,236,226,236,412,424,427,80,92,88,86.66666666666667,61.84394666666666,95,0.98,2.66,4.73,3.56,2.77,95,0.0
2022-06-21 12:59:55.448940,ADTC,49,229,235,248,428,434,413,100,100,71,90.33333333333333,66.96373866666667,93,0.99,3.39,3.14,3.41,4.31,93,0.0
2022-06-21 12:59:57.454535,ADTC,49,221,220,234,406,428,418,96,97,78,90.33333333333333,63.521677333333336,86,0.87,4.0,4.34,3.76,3.18,86,0.0
2022-06-21 12:59:59.459087,ADTC,50,244,246,225,423,414,405,85,70,83,79.33333333333333,58.12245599999999,87,1.0,3.79,4.53,3.82,4.81,87,0.0
